id,catalog_id,category_id,sub_category_id,brand_id,model_id,product_image,created_at,updated_at,model_norm,product_info
91f2293d-1bd5-4851-b121-cfeded25284d,3,6,18,44,370,electronics/premium-electronics/phones/apple/iphone-13-pro/91f2293d-1bd5-4851-b121-cfeded25284d/H1jm2KsSVN6EpnpX4hkMcHfs4A7Ssq0QHoWnoaMJ.jpg,2/23/2026 7:55,3/19/2026 17:03,,"{""brand"": ""Apple"", ""model"": ""iPhone 13 Pro"", ""series"": ""iPhone 13"", ""category"": ""Premium Electronics"", ""weight_g"": 204, ""biometric"": ""Face ID"", ""edge_type"": ""Flat"", ""port_type"": ""Lightning"", ""processor"": ""A15 Bionic"", ""dimensions"": ""146.7 × 71.5 × 7.65 mm"", ""notch_type"": ""Notch"", ""rear_cameras"": ""Triple"", ""sub_category"": ""Phones"", ""camera_layout"": ""Square"", ""rear_material"": ""Matte Glass"", ""released_year"": 2022, ""screen_size_in"": 6.1}"
424aadbe-41e1-40c9-bc01-5d12610ceb37,3,6,18,44,364,electronics/premium-electronics/phones/apple/iphone-14/424aadbe-41e1-40c9-bc01-5d12610ceb37/22WDJiuSbBERf2yGdkpwhL9YkXRz18TEPSrm0RbF.jpg,2/23/2026 7:55,3/19/2026 16:44,,"{""brand"": ""Apple"", ""model"": ""iPhone 14"", ""series"": ""iPhone 14"", ""category"": ""Premium Electronics"", ""weight_g"": 172, ""biometric"": ""Face ID"", ""edge_type"": ""Flat"", ""port_type"": ""Lightning"", ""processor"": ""A15 Bionic"", ""dimensions"": ""146.7 × 71.5 × 7.8 mm"", ""notch_type"": ""Notch"", ""rear_cameras"": ""Dual"", ""sub_category"": ""Phones"", ""camera_layout"": ""Diagonal"", ""rear_material"": ""Glass"", ""released_year"": 2023, ""screen_size_in"": 6.1}"
4ee0eefc-c3be-4a52-9177-1b7fd61e7c3e,3,6,18,44,371,electronics/premium-electronics/phones/apple/iphone-13-pro-max/4ee0eefc-c3be-4a52-9177-1b7fd61e7c3e/lutCpOcQ1t3lJbVWi2PBItu4DApCRIYcJc6QeZpE.jpg,2/23/2026 7:55,3/19/2026 16:47,,"{""brand"": ""Apple"", ""model"": ""iPhone 13 Pro Max"", ""series"": ""iPhone 13"", ""category"": ""Premium Electronics"", ""weight_g"": 240, ""biometric"": ""Face ID"", ""edge_type"": ""Flat"", ""port_type"": ""Lightning"", ""processor"": ""A15 Bionic"", ""dimensions"": ""160.8 × 78.1 × 7.65 mm"", ""notch_type"": ""Notch"", ""rear_cameras"": ""Triple"", ""sub_category"": ""Phones"", ""camera_layout"": ""Square"", ""rear_material"": ""Matte Glass"", ""released_year"": 2022, ""screen_size_in"": 6.7}"
1b69b188-cc65-40c2-9aad-6222800671fe,3,6,18,44,373,electronics/premium-electronics/phones/apple/iphone-12-mini/1b69b188-cc65-40c2-9aad-6222800671fe/x1BvZX5ujoIajaWLQJdB9vEOXgmrKyVZdyAsRLFY.jpg,2/23/2026 7:55,3/19/2026 16:34,,"{""brand"": ""Apple"", ""model"": ""iPhone 12 mini"", ""series"": ""iPhone 12"", ""category"": ""Premium Electronics"", ""weight_g"": 135, ""biometric"": ""Face ID"", ""edge_type"": ""Flat"", ""port_type"": ""Lightning"", ""processor"": ""A14 Bionic"", ""dimensions"": ""131.5 × 64.2 × 7.4 mm"", ""notch_type"": ""Notch"", ""rear_cameras"": ""Dual"", ""sub_category"": ""Phones"", ""camera_layout"": ""Diagonal"", ""rear_material"": ""Glass"", ""released_year"": 2020, ""screen_size_in"": 5.4}"
afdaa201-2504-4dff-9d8c-f40a53b28d2a,3,6,18,44,366,electronics/premium-electronics/phones/apple/iphone-14-pro/afdaa201-2504-4dff-9d8c-f40a53b28d2a/SPEmpUgAQWdfiNZ36p80pjNhGaiZn3LU1UocfagO.jpg,2/23/2026 7:55,3/19/2026 17:12,,"{""brand"": ""Apple"", ""model"": ""iPhone 14 Pro"", ""series"": ""iPhone 14"", ""category"": ""Premium Electronics"", ""weight_g"": 206, ""biometric"": ""Face ID"", ""edge_type"": ""Flat"", ""port_type"": ""Lightning"", ""processor"": ""A16 Bionic"", ""dimensions"": ""147.5 × 71.5 × 7.85 mm"", ""notch_type"": ""Dynamic Island"", ""rear_cameras"": ""Triple"", ""sub_category"": ""Phones"", ""camera_layout"": ""Square"", ""rear_material"": ""Matte Glass"", ""released_year"": 2023, ""screen_size_in"": 6.1}"
d6d1f829-4a7a-40a7-bd00-84f56fbc5dc6,3,6,18,44,372,electronics/premium-electronics/phones/apple/iphone-12/d6d1f829-4a7a-40a7-bd00-84f56fbc5dc6/X9GCSD35N64MuVYkl36Z4pJ3bCOmn2PPHOQG9tup.jpg,2/23/2026 7:55,3/19/2026 17:20,,"{""brand"": ""Apple"", ""model"": ""iPhone 12"", ""series"": ""iPhone 12"", ""category"": ""Premium Electronics"", ""weight_g"": 164, ""biometric"": ""Face ID"", ""edge_type"": ""Flat"", ""port_type"": ""Lightning"", ""processor"": ""A14 Bionic"", ""dimensions"": ""146.7 × 71.5 × 7.4 mm"", ""notch_type"": ""Notch"", ""rear_cameras"": ""Dual"", ""sub_category"": ""Phones"", ""camera_layout"": ""Diagonal"", ""rear_material"": ""Glass"", ""released_year"": 2020, ""screen_size_in"": 6.1}"
6cc5b40c-72c1-42f5-8067-00acd488176a,3,6,18,44,363,electronics/premium-electronics/phones/apple/iphone-15-pro-max/6cc5b40c-72c1-42f5-8067-00acd488176a/3f5ygEt42kQaDi6qDIn8uccKbO4rEvtIEpvXNUQt.jpg,2/23/2026 7:55,3/19/2026 16:57,,"{""brand"": ""Apple"", ""model"": ""iPhone 15 Pro Max"", ""series"": ""iPhone 15"", ""category"": ""Premium Electronics"", ""weight_g"": 221, ""biometric"": ""Face ID"", ""edge_type"": ""Flat"", ""port_type"": ""USB-C"", ""processor"": ""A17 Pro"", ""dimensions"": ""159.9 × 76.7 × 8.25 mm"", ""notch_type"": ""Dynamic Island"", ""rear_cameras"": ""Triple"", ""sub_category"": ""Phones"", ""camera_layout"": ""Square"", ""rear_material"": ""Matte Glass"", ""released_year"": 2024, ""screen_size_in"": 6.7}"
64884cba-0acd-4586-974a-4d1bf85e2239,3,6,18,44,369,electronics/premium-electronics/phones/apple/iphone-13-mini/64884cba-0acd-4586-974a-4d1bf85e2239/avCrbjMuJ8btBl4VcMhyAlfSM0giQVCnJxFxc3MO.jpg,2/23/2026 7:55,3/19/2026 16:54,,"{""brand"": ""Apple"", ""model"": ""iPhone 13 mini"", ""series"": ""iPhone 13"", ""category"": ""Premium Electronics"", ""weight_g"": 140, ""biometric"": ""Face ID"", ""edge_type"": ""Flat"", ""port_type"": ""Lightning"", ""processor"": ""A15 Bionic"", ""dimensions"": ""131.5 × 64.2 × 7.65 mm"", ""notch_type"": ""Notch"", ""rear_cameras"": ""Dual"", ""sub_category"": ""Phones"", ""camera_layout"": ""Diagonal"", ""rear_material"": ""Glass"", ""released_year"": 2022, ""screen_size_in"": 5.4}"
37f060d6-c608-4ca4-8553-8a0710517a75,3,6,18,44,360,electronics/premium-electronics/phones/apple/iphone-15/37f060d6-c608-4ca4-8553-8a0710517a75/vCB29RLjkx6tLz6hJjXgotFjxdBX5ZL8omDONo5c.jpg,2/23/2026 7:55,3/19/2026 16:42,,"{""brand"": ""Apple"", ""model"": ""iPhone 15"", ""series"": ""iPhone 15"", ""category"": ""Premium Electronics"", ""weight_g"": 171, ""biometric"": ""Face ID"", ""edge_type"": ""Flat"", ""port_type"": ""USB-C"", ""processor"": ""A16 Bionic"", ""dimensions"": ""147.6 × 71.6 × 7.8 mm"", ""notch_type"": ""Dynamic Island"", ""rear_cameras"": ""Dual"", ""sub_category"": ""Phones"", ""camera_layout"": ""Diagonal"", ""rear_material"": ""Glass"", ""released_year"": 2024, ""screen_size_in"": 6.1}"
18af6ad9-f390-43d7-9909-64b78dcf7ef6,3,6,18,44,365,electronics/premium-electronics/phones/apple/iphone-14-plus/18af6ad9-f390-43d7-9909-64b78dcf7ef6/2kprYxVC68JThWxxPKgmtvXkXlmTiAymxNdFOHgO.jpg,2/23/2026 7:55,3/19/2026 16:32,,"{""brand"": ""Apple"", ""model"": ""iPhone 14 Plus"", ""series"": ""iPhone 14"", ""category"": ""Premium Electronics"", ""weight_g"": 203, ""biometric"": ""Face ID"", ""edge_type"": ""Flat"", ""port_type"": ""Lightning"", ""processor"": ""A15 Bionic"", ""dimensions"": ""160.8 × 78.1 × 7.8 mm"", ""notch_type"": ""Notch"", ""rear_cameras"": ""Dual"", ""sub_category"": ""Phones"", ""camera_layout"": ""Diagonal"", ""rear_material"": ""Glass"", ""released_year"": 2023, ""screen_size_in"": 6.7}"
4314b56d-a499-4864-b536-aa9c6f3175be,3,6,18,44,381,electronics/premium-electronics/phones/apple/iphone-xs/4314b56d-a499-4864-b536-aa9c6f3175be/cPJhGFp3Qpy0a31AIqZKjQV8XC9C0g9oH4p5uCIn.jpg,2/23/2026 7:55,3/19/2026 16:45,,"{""brand"": ""Apple"", ""model"": ""iPhone XS"", ""series"": ""iPhone X"", ""category"": ""Premium Electronics"", ""weight_g"": 177, ""biometric"": ""Face ID"", ""edge_type"": ""Rounded"", ""port_type"": ""Lightning"", ""processor"": ""A12 Bionic"", ""dimensions"": ""143.6 × 70.9 × 7.7 mm"", ""notch_type"": ""Notch"", ""rear_cameras"": ""Dual"", ""sub_category"": ""Phones"", ""camera_layout"": ""Vertical"", ""rear_material"": ""Glass"", ""released_year"": 2018, ""screen_size_in"": 5.8}"
5575ff71-dd2b-4b93-9f09-438ed10d8fff,3,6,18,44,378,electronics/premium-electronics/phones/apple/iphone-11-pro/5575ff71-dd2b-4b93-9f09-438ed10d8fff/DfrFJpI1DKIgpo1vVaDHIdCDKjGHpDJ1mdKcftM1.jpg,2/23/2026 7:55,3/19/2026 16:50,,"{""brand"": ""Apple"", ""model"": ""iPhone 11 Pro"", ""series"": ""iPhone 11"", ""category"": ""Premium Electronics"", ""weight_g"": 188, ""biometric"": ""Face ID"", ""edge_type"": ""Rounded"", ""port_type"": ""Lightning"", ""processor"": ""A13 Bionic"", ""dimensions"": ""144 × 71.4 × 8.1 mm"", ""notch_type"": ""Notch"", ""rear_cameras"": ""Triple"", ""sub_category"": ""Phones"", ""camera_layout"": ""Square"", ""rear_material"": ""Matte Glass"", ""released_year"": 2019, ""screen_size_in"": 5.8}"
595beb2d-dfaf-425e-940e-fadff0615866,3,6,18,44,379,electronics/premium-electronics/phones/apple/iphone-11-pro-max/595beb2d-dfaf-425e-940e-fadff0615866/VQFOit7DZul8q8yCMA7WUheXgJFWMnLkb6T4lB2P.jpg,2/23/2026 7:55,3/19/2026 16:51,,"{""brand"": ""Apple"", ""model"": ""iPhone 11 Pro Max"", ""series"": ""iPhone 11"", ""category"": ""Premium Electronics"", ""weight_g"": 226, ""biometric"": ""Face ID"", ""edge_type"": ""Rounded"", ""port_type"": ""Lightning"", ""processor"": ""A13 Bionic"", ""dimensions"": ""158 × 77.8 × 8.1 mm"", ""notch_type"": ""Notch"", ""rear_cameras"": ""Triple"", ""sub_category"": ""Phones"", ""camera_layout"": ""Square"", ""rear_material"": ""Matte Glass"", ""released_year"": 2019, ""screen_size_in"": 6.5}"
598d06f9-dd1e-4beb-9c09-f9218f79d253,3,6,18,44,385,electronics/premium-electronics/phones/apple/iphone-8-plus/598d06f9-dd1e-4beb-9c09-f9218f79d253/Vc5BDmRXRNe4dNCF4QZrtWYd525zwrIjpcsKVGln.jpg,2/23/2026 7:55,3/19/2026 16:52,,"{""brand"": ""Apple"", ""model"": ""iPhone 8 Plus"", ""series"": ""iPhone 8"", ""category"": ""Premium Electronics"", ""weight_g"": 202, ""biometric"": ""Touch ID"", ""edge_type"": ""Rounded"", ""port_type"": ""Lightning"", ""processor"": ""A11 Bionic"", ""dimensions"": ""158.4 × 78.1 × 7.5 mm"", ""notch_type"": ""No Notch"", ""rear_cameras"": ""Dual"", ""sub_category"": ""Phones"", ""camera_layout"": ""Horizontal"", ""rear_material"": ""Glass"", ""released_year"": 2017, ""screen_size_in"": 5.5}"
9b730395-0357-4b29-80b7-de4e60276f2a,3,6,18,44,382,electronics/premium-electronics/phones/apple/iphone-xs-max/9b730395-0357-4b29-80b7-de4e60276f2a/nMueJwO7IcEOGcfeq08EICHH0N46grXFcc5okCRa.jpg,2/23/2026 7:55,3/19/2026 17:05,,"{""brand"": ""Apple"", ""model"": ""iPhone XS Max"", ""series"": ""iPhone X"", ""category"": ""Premium Electronics"", ""weight_g"": 208, ""biometric"": ""Face ID"", ""edge_type"": ""Rounded"", ""port_type"": ""Lightning"", ""processor"": ""A12 Bionic"", ""dimensions"": ""157.5 × 77.4 × 7.7 mm"", ""notch_type"": ""Notch"", ""rear_cameras"": ""Dual"", ""sub_category"": ""Phones"", ""camera_layout"": ""Vertical"", ""rear_material"": ""Glass"", ""released_year"": 2018, ""screen_size_in"": 6.5}"
a7f31ba9-b5cb-48dd-89b1-0f576ead498a,3,6,18,44,383,electronics/premium-electronics/phones/apple/iphone-x/a7f31ba9-b5cb-48dd-89b1-0f576ead498a/5bAa2JIjJCjXEFSesHNMxTYEcaK29e13TSHLsZCj.jpg,2/23/2026 7:55,3/19/2026 17:09,,"{""brand"": ""Apple"", ""model"": ""iPhone X"", ""series"": ""iPhone X"", ""category"": ""Premium Electronics"", ""weight_g"": 174, ""biometric"": ""Face ID"", ""edge_type"": ""Rounded"", ""port_type"": ""Lightning"", ""processor"": ""A11 Bionic"", ""dimensions"": ""143.6 × 70.9 × 7.7 mm"", ""notch_type"": ""Notch"", ""rear_cameras"": ""Dual"", ""sub_category"": ""Phones"", ""camera_layout"": ""Vertical"", ""rear_material"": ""Glass"", ""released_year"": 2017, ""screen_size_in"": 5.8}"
a883b743-4c78-4aba-8342-657f364ddc71,3,6,18,44,377,electronics/premium-electronics/phones/apple/iphone-11/a883b743-4c78-4aba-8342-657f364ddc71/CoaPrZK2FuJCd11euHuIMdQzqnrF8U3mQ9bKtTNT.jpg,2/23/2026 7:55,3/19/2026 17:10,,"{""brand"": ""Apple"", ""model"": ""iPhone 11"", ""series"": ""iPhone 11"", ""category"": ""Premium Electronics"", ""weight_g"": 194, ""biometric"": ""Face ID"", ""edge_type"": ""Rounded"", ""port_type"": ""Lightning"", ""processor"": ""A13 Bionic"", ""dimensions"": ""150.9 × 75.7 × 8.3 mm"", ""notch_type"": ""Notch"", ""rear_cameras"": ""Dual"", ""sub_category"": ""Phones"", ""camera_layout"": ""Diagonal"", ""rear_material"": ""Glass"", ""released_year"": 2019, ""screen_size_in"": 6.1}"
d3dbc078-d87a-4fd1-9b3a-0079327cdb82,3,6,18,44,376,electronics/premium-electronics/phones/apple/iphone-se-2nd-gen/d3dbc078-d87a-4fd1-9b3a-0079327cdb82/5BNAVNOqswJ6UDxRZklMMwkJwIh5D9d0c8DUNZxf.jpg,2/23/2026 7:55,3/19/2026 17:18,,"{""brand"": ""Apple"", ""model"": ""iPhone SE (2nd Gen)"", ""series"": ""iPhone SE"", ""category"": ""Premium Electronics"", ""weight_g"": 148, ""biometric"": ""Touch ID"", ""edge_type"": ""Rounded"", ""port_type"": ""Lightning"", ""processor"": ""A13 Bionic"", ""dimensions"": ""138.4 × 67.3 × 7.3 mm"", ""notch_type"": ""No Notch"", ""rear_cameras"": ""Single"", ""sub_category"": ""Phones"", ""camera_layout"": ""Vertical"", ""rear_material"": ""Glass"", ""released_year"": 2020, ""screen_size_in"": 4.7}"
d4ed7ec4-8b19-405c-8910-c97d2b916881,3,6,18,44,375,electronics/premium-electronics/phones/apple/iphone-12-pro-max/d4ed7ec4-8b19-405c-8910-c97d2b916881/6VYGfnalNZLgEjDZFKhdrG25dJ15raYlU0lYO6VZ.jpg,2/23/2026 7:55,3/19/2026 17:19,,"{""brand"": ""Apple"", ""model"": ""iPhone 12 Pro Max"", ""series"": ""iPhone 12"", ""category"": ""Premium Electronics"", ""weight_g"": 228, ""biometric"": ""Face ID"", ""edge_type"": ""Flat"", ""port_type"": ""Lightning"", ""processor"": ""A14 Bionic"", ""dimensions"": ""160.8 × 78.1 × 7.4 mm"", ""notch_type"": ""Notch"", ""rear_cameras"": ""Triple"", ""sub_category"": ""Phones"", ""camera_layout"": ""Square"", ""rear_material"": ""Matte Glass"", ""released_year"": 2020, ""screen_size_in"": 6.7}"
eb1675d6-deb7-4935-9e1f-c732a0d118a5,3,6,18,44,384,electronics/premium-electronics/phones/apple/iphone-8/eb1675d6-deb7-4935-9e1f-c732a0d118a5/EblwCbDB3oWBO8LxptrYK4x9m5kPrEIwXkU1gVEk.jpg,2/23/2026 7:55,3/19/2026 17:24,,"{""brand"": ""Apple"", ""model"": ""iPhone 8"", ""series"": ""iPhone 8"", ""category"": ""Premium Electronics"", ""weight_g"": 148, ""biometric"": ""Touch ID"", ""edge_type"": ""Rounded"", ""port_type"": ""Lightning"", ""processor"": ""A11 Bionic"", ""dimensions"": ""138.4 × 67.3 × 7.3 mm"", ""notch_type"": ""No Notch"", ""rear_cameras"": ""Single"", ""sub_category"": ""Phones"", ""camera_layout"": ""Vertical"", ""rear_material"": ""Glass"", ""released_year"": 2017, ""screen_size_in"": 4.7}"
300a9b17-d70d-4198-87cc-fcdda1fcb69e,3,6,18,44,390,electronics/premium-electronics/phones/apple/iphone-6s-plus/300a9b17-d70d-4198-87cc-fcdda1fcb69e/dXIQzSRX9jMvCi3fR3TMt4vyOnYHrANJ4sjsA3qb.jpg,2/23/2026 7:55,3/19/2026 16:40,,"{""brand"": ""Apple"", ""model"": ""iPhone 6s Plus"", ""series"": ""iPhone 6s"", ""category"": ""Premium Electronics"", ""weight_g"": 192, ""biometric"": ""Touch ID"", ""edge_type"": ""Rounded"", ""port_type"": ""Lightning"", ""processor"": ""A9"", ""dimensions"": ""158.2 × 77.9 × 7.3 mm"", ""notch_type"": ""No Notch"", ""rear_cameras"": ""Dual"", ""sub_category"": ""Phones"", ""camera_layout"": ""Horizontal"", ""rear_material"": ""Aluminium"", ""released_year"": 2015, ""screen_size_in"": 5.5}"
5338fc40-da8a-4581-9067-6480e9555b92,3,6,18,45,394,electronics/premium-electronics/phones/samsung/galaxy-s24/5338fc40-da8a-4581-9067-6480e9555b92/6clqreN404Asi3wLSyPR2rTDYIpx9YJZbDGmb68b.jpg,2/23/2026 7:55,3/19/2026 16:49,,"{""brand"": ""Samsung"", ""model"": ""Galaxy S24+"", ""series"": ""Galaxy S"", ""category"": ""Premium Electronics"", ""weight_g"": 196, ""biometric"": ""Face Unlock + Fingerprint"", ""edge_type"": ""Flat"", ""port_type"": ""USB-C"", ""processor"": ""Snapdragon 8 Gen 3"", ""dimensions"": ""158.5 × 75.9 × 7.7 mm"", ""notch_type"": ""Punch-hole"", ""rear_cameras"": ""Triple"", ""sub_category"": ""Phones"", ""camera_layout"": ""Vertical"", ""rear_material"": ""Glass"", ""released_year"": 2024, ""screen_size_in"": 6.7}"
6b54f879-530d-4d7f-beab-e5da1f5e45a0,3,6,18,45,400,electronics/premium-electronics/phones/samsung/galaxy-a54-5g/6b54f879-530d-4d7f-beab-e5da1f5e45a0/JZHutkKS4m4Kt61wslT0aq6ZSita0jHPMx2fI4NA.jpg,2/23/2026 7:55,3/19/2026 16:56,,"{""brand"": ""Samsung"", ""model"": ""Galaxy A54 5G"", ""series"": ""Galaxy A"", ""category"": ""Premium Electronics"", ""weight_g"": 202, ""biometric"": ""Fingerprint"", ""edge_type"": ""Flat"", ""port_type"": ""USB-C"", ""processor"": ""Exynos 1380"", ""dimensions"": ""158.2 × 76.7 × 8.2 mm"", ""notch_type"": ""Punch-hole"", ""rear_cameras"": ""Triple"", ""sub_category"": ""Phones"", ""camera_layout"": ""Vertical"", ""rear_material"": ""Glass"", ""released_year"": 2023, ""screen_size_in"": 6.4}"
76b4e899-f56b-49fd-8e8d-c27de1915e22,3,6,18,44,388,electronics/premium-electronics/phones/apple/iphone-se-1st-gen/76b4e899-f56b-49fd-8e8d-c27de1915e22/3x1S8FZl5l3CAUuzcsySw9iEUPeiTTewR98syfZK.jpg,2/23/2026 7:55,3/19/2026 16:59,,"{""brand"": ""Apple"", ""model"": ""iPhone SE (1st Gen)"", ""series"": ""iPhone SE"", ""category"": ""Premium Electronics"", ""weight_g"": 113, ""biometric"": ""Touch ID"", ""edge_type"": ""Rounded"", ""port_type"": ""Lightning"", ""processor"": ""A9"", ""dimensions"": ""123.8 × 58.6 × 7.6 mm"", ""notch_type"": ""No Notch"", ""rear_cameras"": ""Single"", ""sub_category"": ""Phones"", ""camera_layout"": ""Vertical"", ""rear_material"": ""Aluminium"", ""released_year"": 2016, ""screen_size_in"": 4}"
9649bacc-0010-4783-a19a-b0d2f2e35648,3,6,18,45,396,electronics/premium-electronics/phones/samsung/galaxy-z-fold5/9649bacc-0010-4783-a19a-b0d2f2e35648/910Hk7uuSjyGRDhGkyP5its2SjxiLOBb3l9oULcU.jpg,2/23/2026 7:55,3/19/2026 17:04,,"{""brand"": ""Samsung"", ""model"": ""Galaxy Z Fold5"", ""series"": ""Galaxy Z Fold"", ""category"": ""Premium Electronics"", ""weight_g"": 253, ""biometric"": ""Face Unlock + Fingerprint"", ""edge_type"": ""Flat Foldable"", ""port_type"": ""USB-C"", ""processor"": ""Snapdragon 8 Gen 2"", ""dimensions"": ""154.9 × 129.9 × 6.1 mm"", ""notch_type"": ""Punch-hole"", ""rear_cameras"": ""Triple"", ""sub_category"": ""Phones"", ""camera_layout"": ""Vertical"", ""rear_material"": ""Glass + Plastic"", ""released_year"": 2023, ""screen_size_in"": 7.6}"
788601a7-ac23-48b8-b8c0-7bf8e1b07fc1,3,6,18,44,389,electronics/premium-electronics/phones/apple/iphone-6s/788601a7-ac23-48b8-b8c0-7bf8e1b07fc1/7KZohZ4pwJMB4w8HVTcSgkYGig4eX9PtYUkdarJy.jpg,2/23/2026 7:55,3/19/2026 17:00,,"{""brand"": ""Apple"", ""model"": ""iPhone 6s"", ""series"": ""iPhone 6s"", ""category"": ""Premium Electronics"", ""weight_g"": 143, ""biometric"": ""Touch ID"", ""edge_type"": ""Rounded"", ""port_type"": ""Lightning"", ""processor"": ""A9"", ""dimensions"": ""138.3 × 67.1 × 7.1 mm"", ""notch_type"": ""No Notch"", ""rear_cameras"": ""Single"", ""sub_category"": ""Phones"", ""camera_layout"": ""Vertical"", ""rear_material"": ""Aluminium"", ""released_year"": 2015, ""screen_size_in"": 4.7}"
9bbbb2f1-e0bf-41a9-9993-df283d55140b,3,6,18,45,395,electronics/premium-electronics/phones/samsung/galaxy-s24-ultra/9bbbb2f1-e0bf-41a9-9993-df283d55140b/jMfTYaAhV5nwALnhDyWz5xOp0BNUz4rcEHu5zNzV.jpg,2/23/2026 7:55,3/19/2026 17:06,,"{""brand"": ""Samsung"", ""model"": ""Galaxy S24 Ultra"", ""series"": ""Galaxy S"", ""category"": ""Premium Electronics"", ""weight_g"": 232, ""biometric"": ""Face Unlock + Fingerprint"", ""edge_type"": ""Flat"", ""port_type"": ""USB-C"", ""processor"": ""Snapdragon 8 Gen 3"", ""dimensions"": ""162.3 × 79 × 8.6 mm"", ""notch_type"": ""Punch-hole"", ""rear_cameras"": ""Quad"", ""sub_category"": ""Phones"", ""camera_layout"": ""Square"", ""rear_material"": ""Matte Glass"", ""released_year"": 2024, ""screen_size_in"": 6.8}"
e4b1dede-aa09-4f71-8e04-3d62e469f28a,3,6,18,45,393,electronics/premium-electronics/phones/samsung/galaxy-s24/e4b1dede-aa09-4f71-8e04-3d62e469f28a/ek1aug7Ih2feN85hhcDkZ4xN98OGpfXGbmntD6vu.jpg,2/23/2026 7:55,3/19/2026 17:21,,"{""brand"": ""Samsung"", ""model"": ""Galaxy S24"", ""series"": ""Galaxy S"", ""category"": ""Premium Electronics"", ""weight_g"": 167, ""biometric"": ""Face Unlock + Fingerprint"", ""edge_type"": ""Flat"", ""port_type"": ""USB-C"", ""processor"": ""Snapdragon 8 Gen 3"", ""dimensions"": ""147 × 70.6 × 7.6 mm"", ""notch_type"": ""Punch-hole"", ""rear_cameras"": ""Triple"", ""sub_category"": ""Phones"", ""camera_layout"": ""Vertical"", ""rear_material"": ""Glass"", ""released_year"": 2024, ""screen_size_in"": 6.2}"
f42b307f-d967-4314-b1da-03aabdd12b4a,3,6,18,45,397,electronics/premium-electronics/phones/samsung/galaxy-z-flip5/f42b307f-d967-4314-b1da-03aabdd12b4a/iY1zwLtYIjBEk3eh7wz3EW5zZlUQ4BCGPbYmrOPI.jpg,2/23/2026 7:55,3/19/2026 17:30,,"{""brand"": ""Samsung"", ""model"": ""Galaxy Z Flip5"", ""series"": ""Galaxy Z Flip"", ""category"": ""Premium Electronics"", ""weight_g"": 187, ""biometric"": ""Face Unlock + Fingerprint"", ""edge_type"": ""Flat Foldable"", ""port_type"": ""USB-C"", ""processor"": ""Snapdragon 8 Gen 2"", ""dimensions"": ""165.1 × 71.9 × 6.9 mm"", ""notch_type"": ""Punch-hole"", ""rear_cameras"": ""Dual"", ""sub_category"": ""Phones"", ""camera_layout"": ""Vertical"", ""rear_material"": ""Glass + Plastic"", ""released_year"": 2023, ""screen_size_in"": 6.7}"
f6ccf3f5-5cb6-433d-8e85-49ba585525d5,3,6,18,45,398,electronics/premium-electronics/phones/samsung/galaxy-s23/f6ccf3f5-5cb6-433d-8e85-49ba585525d5/0zwskFo4KtJUiRR9ngDFBKZRex2MTAeMmiryaMqi.jpg,2/23/2026 7:55,3/19/2026 17:30,,"{""brand"": ""Samsung"", ""model"": ""Galaxy S23"", ""series"": ""Galaxy S"", ""category"": ""Premium Electronics"", ""weight_g"": 168, ""biometric"": ""Face Unlock + Fingerprint"", ""edge_type"": ""Flat"", ""port_type"": ""USB-C"", ""processor"": ""Snapdragon 8 Gen 2"", ""dimensions"": ""146.3 × 70.9 × 7.6 mm"", ""notch_type"": ""Punch-hole"", ""rear_cameras"": ""Triple"", ""sub_category"": ""Phones"", ""camera_layout"": ""Vertical"", ""rear_material"": ""Glass"", ""released_year"": 2023, ""screen_size_in"": 6.1}"
4437fe74-8caa-41dc-9632-409880b5b16d,3,6,18,45,413,electronics/premium-electronics/phones/samsung/galaxy-s9/4437fe74-8caa-41dc-9632-409880b5b16d/4JkfWLOGqtLAkQGeDw2LUmIwf8JHaCmdjA4ZcxGJ.jpg,2/23/2026 7:55,3/19/2026 16:45,,"{""brand"": ""Samsung"", ""model"": ""Galaxy S9"", ""series"": ""Galaxy S"", ""category"": ""Premium Electronics"", ""weight_g"": 163, ""biometric"": ""Fingerprint + Iris"", ""edge_type"": ""Curved"", ""port_type"": ""USB-C"", ""processor"": ""Exynos 9810"", ""dimensions"": ""147.7 × 68.7 × 8.5 mm"", ""notch_type"": ""No Notch"", ""rear_cameras"": ""Single"", ""sub_category"": ""Phones"", ""camera_layout"": ""Vertical"", ""rear_material"": ""Glass"", ""released_year"": 2018, ""screen_size_in"": 5.8}"
8704bb3e-53da-4840-9d67-270605362133,3,6,18,45,401,electronics/premium-electronics/phones/samsung/galaxy-a34-5g/8704bb3e-53da-4840-9d67-270605362133/pRhzMq09LVmZOXrg33srgbGhbnTcUMv1BF2zSOm5.jpg,2/23/2026 7:55,3/19/2026 17:01,,"{""brand"": ""Samsung"", ""model"": ""Galaxy A34 5G"", ""series"": ""Galaxy A"", ""category"": ""Premium Electronics"", ""weight_g"": 199, ""biometric"": ""Fingerprint"", ""edge_type"": ""Flat"", ""port_type"": ""USB-C"", ""processor"": ""MediaTek Dimensity 1080"", ""dimensions"": ""161.3 × 78.1 × 8.2 mm"", ""notch_type"": ""Waterdrop Notch"", ""rear_cameras"": ""Triple"", ""sub_category"": ""Phones"", ""camera_layout"": ""Vertical"", ""rear_material"": ""Plastic"", ""released_year"": 2023, ""screen_size_in"": 6.6}"
9e2dd592-59ae-4149-af6c-d1094cf3a3b9,3,6,18,45,403,electronics/premium-electronics/phones/samsung/galaxy-s22-ultra/9e2dd592-59ae-4149-af6c-d1094cf3a3b9/Jy09FtST5u4iFEzdzz93ycSSvF1eY2At3wv22uWR.jpg,2/23/2026 7:55,3/19/2026 17:06,,"{""brand"": ""Samsung"", ""model"": ""Galaxy S22 Ultra"", ""series"": ""Galaxy S"", ""category"": ""Premium Electronics"", ""weight_g"": 228, ""biometric"": ""Face Unlock + Fingerprint"", ""edge_type"": ""Flat"", ""port_type"": ""USB-C"", ""processor"": ""Snapdragon 8 Gen 1"", ""dimensions"": ""163.3 × 77.9 × 8.9 mm"", ""notch_type"": ""Punch-hole"", ""rear_cameras"": ""Quad"", ""sub_category"": ""Phones"", ""camera_layout"": ""Square"", ""rear_material"": ""Matte Glass"", ""released_year"": 2022, ""screen_size_in"": 6.8}"
a2d4840d-0bbd-4e1e-a4e6-e7b54edb4216,3,6,18,45,406,electronics/premium-electronics/phones/samsung/galaxy-s21/a2d4840d-0bbd-4e1e-a4e6-e7b54edb4216/H95BVBgsj5PeBt1QzCnxiS5t9Rd4AF8FjpgvVQeE.jpg,2/23/2026 7:55,3/19/2026 17:08,,"{""brand"": ""Samsung"", ""model"": ""Galaxy S21"", ""series"": ""Galaxy S"", ""category"": ""Premium Electronics"", ""weight_g"": 169, ""biometric"": ""Face Unlock + Fingerprint"", ""edge_type"": ""Flat"", ""port_type"": ""USB-C"", ""processor"": ""Exynos 2100"", ""dimensions"": ""151.7 × 71.2 × 7.9 mm"", ""notch_type"": ""Punch-hole"", ""rear_cameras"": ""Triple"", ""sub_category"": ""Phones"", ""camera_layout"": ""Vertical"", ""rear_material"": ""Plastic"", ""released_year"": 2021, ""screen_size_in"": 6.2}"
b846a7fe-dfb4-448c-b94d-1b4bf4eb6f14,3,6,18,45,408,electronics/premium-electronics/phones/samsung/galaxy-s20/b846a7fe-dfb4-448c-b94d-1b4bf4eb6f14/HMvcQ4xD0gnwUqMI61OboR9BjRzzu9JnRTlZpFYf.jpg,2/23/2026 7:55,3/19/2026 17:13,,"{""brand"": ""Samsung"", ""model"": ""Galaxy S20"", ""series"": ""Galaxy S"", ""category"": ""Premium Electronics"", ""weight_g"": 163, ""biometric"": ""Face Unlock + Fingerprint"", ""edge_type"": ""Curved"", ""port_type"": ""USB-C"", ""processor"": ""Exynos 990"", ""dimensions"": ""151.7 × 69.1 × 7.9 mm"", ""notch_type"": ""Punch-hole"", ""rear_cameras"": ""Triple"", ""sub_category"": ""Phones"", ""camera_layout"": ""Vertical"", ""rear_material"": ""Glass"", ""released_year"": 2020, ""screen_size_in"": 6.2}"
d617a0da-00dd-4520-bd5c-dfdfdcef4428,3,6,18,45,405,electronics/premium-electronics/phones/samsung/galaxy-z-flip4/d617a0da-00dd-4520-bd5c-dfdfdcef4428/Os29kBQeVD90PdNFuZtryPoTJnWghGCVnFCD7dbi.jpg,2/23/2026 7:55,3/19/2026 17:20,,"{""brand"": ""Samsung"", ""model"": ""Galaxy Z Flip4"", ""series"": ""Galaxy Z Flip"", ""category"": ""Premium Electronics"", ""weight_g"": 187, ""biometric"": ""Face Unlock + Fingerprint"", ""edge_type"": ""Flat Foldable"", ""port_type"": ""USB-C"", ""processor"": ""Snapdragon 8+ Gen 1"", ""dimensions"": ""165.2 × 71.9 × 6.9 mm"", ""notch_type"": ""Punch-hole"", ""rear_cameras"": ""Dual"", ""sub_category"": ""Phones"", ""camera_layout"": ""Vertical"", ""rear_material"": ""Glass + Plastic"", ""released_year"": 2022, ""screen_size_in"": 6.7}"
e7629187-5eca-4452-b119-bf5fc8ffc952,3,6,18,45,409,electronics/premium-electronics/phones/samsung/galaxy-s20-ultra/e7629187-5eca-4452-b119-bf5fc8ffc952/NEdrEn5lqauNwOV4pxBXXZS9tIMrxAINq0U7ZKZE.jpg,2/23/2026 7:55,3/19/2026 17:23,,"{""brand"": ""Samsung"", ""model"": ""Galaxy S20 Ultra"", ""series"": ""Galaxy S"", ""category"": ""Premium Electronics"", ""weight_g"": 222, ""biometric"": ""Face Unlock + Fingerprint"", ""edge_type"": ""Curved"", ""port_type"": ""USB-C"", ""processor"": ""Exynos 990"", ""dimensions"": ""166.9 × 76 × 8.8 mm"", ""notch_type"": ""Punch-hole"", ""rear_cameras"": ""Quad"", ""sub_category"": ""Phones"", ""camera_layout"": ""Square"", ""rear_material"": ""Matte Glass"", ""released_year"": 2020, ""screen_size_in"": 6.9}"
f27e7e1c-5d5a-4156-9e60-9b23b73f2c5d,3,6,18,45,410,electronics/premium-electronics/phones/samsung/galaxy-note-10/f27e7e1c-5d5a-4156-9e60-9b23b73f2c5d/OS5QG23CrQzjUlSXIuFPemGNkXpFYuYyXsQKCLVO.jpg,2/23/2026 7:55,3/19/2026 17:29,,"{""brand"": ""Samsung"", ""model"": ""Galaxy Note 10"", ""series"": ""Galaxy Note"", ""category"": ""Premium Electronics"", ""weight_g"": 168, ""biometric"": ""Face Unlock + Fingerprint"", ""edge_type"": ""Curved"", ""port_type"": ""USB-C"", ""processor"": ""Exynos 9825"", ""dimensions"": ""151 × 71.8 × 7.9 mm"", ""notch_type"": ""Punch-hole"", ""rear_cameras"": ""Triple"", ""sub_category"": ""Phones"", ""camera_layout"": ""Vertical"", ""rear_material"": ""Glass"", ""released_year"": 2019, ""screen_size_in"": 6.3}"
f10d1213-3116-4b9a-81ff-2d23180e8081,3,6,18,45,411,electronics/premium-electronics/phones/samsung/galaxy-note-10/f10d1213-3116-4b9a-81ff-2d23180e8081/CWxdI3PlT0U1ZLnN0gddYmXtH5tAi9rgTtSonG9f.jpg,2/23/2026 7:55,3/19/2026 17:29,,"{""brand"": ""Samsung"", ""model"": ""Galaxy Note 10+"", ""series"": ""Galaxy Note"", ""category"": ""Premium Electronics"", ""weight_g"": 196, ""biometric"": ""Face Unlock + Fingerprint"", ""edge_type"": ""Curved"", ""port_type"": ""USB-C"", ""processor"": ""Exynos 9825"", ""dimensions"": ""162.3 × 77.2 × 7.9 mm"", ""notch_type"": ""Punch-hole"", ""rear_cameras"": ""Quad"", ""sub_category"": ""Phones"", ""camera_layout"": ""Vertical"", ""rear_material"": ""Glass"", ""released_year"": 2019, ""screen_size_in"": 6.8}"
2a870bab-1fcf-4f91-8a11-f5aca9c88399,3,6,18,323,425,electronics/premium-electronics/phones/xiaomi/mi-10/2a870bab-1fcf-4f91-8a11-f5aca9c88399/nIJejvZGtRgvCtJu5COyctEttJ3Rt7Dr41LBH1FR.jpg,2/23/2026 7:55,3/19/2026 16:38,,"{""brand"": ""Xiaomi"", ""model"": ""Mi 10"", ""series"": ""Mi 10"", ""category"": ""Premium Electronics"", ""weight_g"": 208, ""biometric"": ""Face Unlock + Fingerprint"", ""edge_type"": ""Curved"", ""port_type"": ""USB-C"", ""processor"": ""Snapdragon 865"", ""dimensions"": ""162.5 × 74.8 × 9 mm"", ""notch_type"": ""Punch-hole"", ""rear_cameras"": ""Quad"", ""sub_category"": ""Phones"", ""camera_layout"": ""Vertical"", ""rear_material"": ""Glass"", ""released_year"": 2020, ""screen_size_in"": 6.67}"
3c05f61f-b05e-4974-a41c-8821cf3b7790,3,6,18,323,423,electronics/premium-electronics/phones/xiaomi/xiaomi-12/3c05f61f-b05e-4974-a41c-8821cf3b7790/xRJTkGpSqRK31SJZs1WsqO4tHtsvN687KciIg9Gi.jpg,2/23/2026 7:55,3/19/2026 16:43,,"{""brand"": ""Xiaomi"", ""model"": ""Xiaomi 12"", ""series"": ""Xiaomi 12"", ""category"": ""Premium Electronics"", ""weight_g"": 180, ""biometric"": ""Face Unlock + Fingerprint"", ""edge_type"": ""Curved"", ""port_type"": ""USB-C"", ""processor"": ""Snapdragon 8 Gen 1"", ""dimensions"": ""152.7 × 69.9 × 8.2 mm"", ""notch_type"": ""Punch-hole"", ""rear_cameras"": ""Triple"", ""sub_category"": ""Phones"", ""camera_layout"": ""Vertical"", ""rear_material"": ""Glass"", ""released_year"": 2022, ""screen_size_in"": 6.28}"
4efb7306-4228-4f7d-a2e9-368ebd33d40f,3,6,18,45,416,electronics/premium-electronics/phones/samsung/galaxy-s7/4efb7306-4228-4f7d-a2e9-368ebd33d40f/EeBSFHhe2SEP9fLIh9uCRyKzdpgh6a3oTWkYTtIZ.jpg,2/23/2026 7:55,3/19/2026 16:48,,"{""brand"": ""Samsung"", ""model"": ""Galaxy S7"", ""series"": ""Galaxy S"", ""category"": ""Premium Electronics"", ""weight_g"": 152, ""biometric"": ""Fingerprint"", ""edge_type"": ""Rounded"", ""port_type"": ""Micro-USB"", ""processor"": ""Exynos 8890"", ""dimensions"": ""142.4 × 69.6 × 7.9 mm"", ""notch_type"": ""No Notch"", ""rear_cameras"": ""Single"", ""sub_category"": ""Phones"", ""camera_layout"": ""Vertical"", ""rear_material"": ""Glass"", ""released_year"": 2016, ""screen_size_in"": 5.1}"
997d14de-2b9a-448f-8f9d-c42075021404,3,6,18,45,418,electronics/premium-electronics/phones/samsung/galaxy-s5/997d14de-2b9a-448f-8f9d-c42075021404/0SRyty0okTEFY6WoYBnH0tuRRHlfGRQJQNThw5NZ.jpg,2/23/2026 7:55,3/19/2026 17:05,,"{""brand"": ""Samsung"", ""model"": ""Galaxy S5"", ""series"": ""Galaxy S"", ""category"": ""Premium Electronics"", ""weight_g"": 145, ""biometric"": ""Fingerprint"", ""edge_type"": ""Rounded"", ""port_type"": ""Micro-USB"", ""processor"": ""Snapdragon 801"", ""dimensions"": ""142 × 72.5 × 8.1 mm"", ""notch_type"": ""No Notch"", ""rear_cameras"": ""Single"", ""sub_category"": ""Phones"", ""camera_layout"": ""Vertical"", ""rear_material"": ""Plastic"", ""released_year"": 2014, ""screen_size_in"": 5.1}"
a2bbc94a-00ae-4409-9d39-3be10fc343ae,3,6,18,323,424,electronics/premium-electronics/phones/xiaomi/mi-11/a2bbc94a-00ae-4409-9d39-3be10fc343ae/Q9XGpyJVhUOSnwElUU1LXJpRhA9Rku3X1ROkAQAI.jpg,2/23/2026 7:55,3/19/2026 17:07,,"{""brand"": ""Xiaomi"", ""model"": ""Mi 11"", ""series"": ""Mi 11"", ""category"": ""Premium Electronics"", ""weight_g"": 196, ""biometric"": ""Face Unlock + Fingerprint"", ""edge_type"": ""Curved"", ""port_type"": ""USB-C"", ""processor"": ""Snapdragon 888"", ""dimensions"": ""164.3 × 74.6 × 8.1 mm"", ""notch_type"": ""Punch-hole"", ""rear_cameras"": ""Triple"", ""sub_category"": ""Phones"", ""camera_layout"": ""Square"", ""rear_material"": ""Glass"", ""released_year"": 2021, ""screen_size_in"": 6.81}"
a3922e0a-d721-45e4-b82e-dc2a6d711730,3,6,18,45,415,electronics/premium-electronics/phones/samsung/galaxy-s8/a3922e0a-d721-45e4-b82e-dc2a6d711730/kkfJpgADKmkkbXeeF6TkkPS2a0TzuFIb6PwCsJN8.jpg,2/23/2026 7:55,3/19/2026 17:08,,"{""brand"": ""Samsung"", ""model"": ""Galaxy S8"", ""series"": ""Galaxy S"", ""category"": ""Premium Electronics"", ""weight_g"": 155, ""biometric"": ""Fingerprint + Iris"", ""edge_type"": ""Curved"", ""port_type"": ""USB-C"", ""processor"": ""Exynos 8895"", ""dimensions"": ""148.9 × 68.1 × 8 mm"", ""notch_type"": ""No Notch"", ""rear_cameras"": ""Single"", ""sub_category"": ""Phones"", ""camera_layout"": ""Vertical"", ""rear_material"": ""Glass"", ""released_year"": 2017, ""screen_size_in"": 5.8}"
eee3c128-f5c2-48cb-84a3-1b412c8a0965,3,6,18,45,417,electronics/premium-electronics/phones/samsung/galaxy-s6/eee3c128-f5c2-48cb-84a3-1b412c8a0965/eVruQdtCOs5ktl1vAI9W4U0nQ7IJUnU89V6ceZhy.jpg,2/23/2026 7:55,3/19/2026 17:26,,"{""brand"": ""Samsung"", ""model"": ""Galaxy S6"", ""series"": ""Galaxy S"", ""category"": ""Premium Electronics"", ""weight_g"": 138, ""biometric"": ""Fingerprint"", ""edge_type"": ""Rounded"", ""port_type"": ""Micro-USB"", ""processor"": ""Exynos 7420"", ""dimensions"": ""143.4 × 70.5 × 6.8 mm"", ""notch_type"": ""No Notch"", ""rear_cameras"": ""Single"", ""sub_category"": ""Phones"", ""camera_layout"": ""Vertical"", ""rear_material"": ""Glass"", ""released_year"": 2015, ""screen_size_in"": 5.1}"
ef76af2f-a1bd-4d9e-a1d2-3591982ee26b,3,6,18,323,426,electronics/premium-electronics/phones/xiaomi/mi-9/ef76af2f-a1bd-4d9e-a1d2-3591982ee26b/vNLqp6TlGbBKxG7PFbXhXAokNhY2x1wLerXngYyh.jpg,2/23/2026 7:55,3/19/2026 17:27,,"{""brand"": ""Xiaomi"", ""model"": ""Mi 9"", ""series"": ""Mi 9"", ""category"": ""Premium Electronics"", ""weight_g"": 173, ""biometric"": ""Fingerprint"", ""edge_type"": ""Curved"", ""port_type"": ""USB-C"", ""processor"": ""Snapdragon 855"", ""dimensions"": ""157.5 × 74.7 × 7.6 mm"", ""notch_type"": ""Waterdrop"", ""rear_cameras"": ""Triple"", ""sub_category"": ""Phones"", ""camera_layout"": ""Vertical"", ""rear_material"": ""Glass"", ""released_year"": 2019, ""screen_size_in"": 6.39}"
f048a338-24a5-467e-9fc8-63f8cd5f5759,3,6,18,323,420,electronics/premium-electronics/phones/xiaomi/xiaomi-14/f048a338-24a5-467e-9fc8-63f8cd5f5759/ux0lOD7uwJlvv2alV3RmmUEm26Opnc6b3HsMvsB8.jpg,2/23/2026 7:55,3/19/2026 17:28,,"{""brand"": ""Xiaomi"", ""model"": ""Xiaomi 14"", ""series"": ""Xiaomi 14"", ""category"": ""Premium Electronics"", ""weight_g"": 193, ""biometric"": ""Face Unlock + Fingerprint"", ""edge_type"": ""Flat"", ""port_type"": ""USB-C"", ""processor"": ""Snapdragon 8 Gen 3"", ""dimensions"": ""152.8 × 71.5 × 8.2 mm"", ""notch_type"": ""Punch-hole"", ""rear_cameras"": ""Triple"", ""sub_category"": ""Phones"", ""camera_layout"": ""Vertical"", ""rear_material"": ""Glass"", ""released_year"": 2024, ""screen_size_in"": 6.36}"
f7ecb2ec-b1bb-417e-ac61-df38018b114f,3,6,18,323,421,electronics/premium-electronics/phones/xiaomi/xiaomi-13-pro/f7ecb2ec-b1bb-417e-ac61-df38018b114f/LXsemDf6GpL0kZyytI5xyeN4colY7h0ZderObIpj.jpg,2/23/2026 7:55,3/19/2026 17:31,,"{""brand"": ""Xiaomi"", ""model"": ""Xiaomi 13 Pro"", ""series"": ""Xiaomi 13"", ""category"": ""Premium Electronics"", ""weight_g"": 229, ""biometric"": ""Face Unlock + Fingerprint"", ""edge_type"": ""Curved"", ""port_type"": ""USB-C"", ""processor"": ""Snapdragon 8 Gen 2"", ""dimensions"": ""162.9 × 74.6 × 8.4 mm"", ""notch_type"": ""Punch-hole"", ""rear_cameras"": ""Triple"", ""sub_category"": ""Phones"", ""camera_layout"": ""Square"", ""rear_material"": ""Glass"", ""released_year"": 2023, ""screen_size_in"": 6.73}"
160c97d7-6126-4133-88a7-05781c9fdc80,3,6,18,328,434,electronics/premium-electronics/phones/redmi/redmi-note-12-5g/160c97d7-6126-4133-88a7-05781c9fdc80/jGAUV7HzJSUe8odrV3TZm9ft9scrjkHUMuPaYkPP.jpg,2/23/2026 7:55,3/17/2026 19:15,,"{""brand"": ""Redmi"", ""model"": ""Redmi Note 12 5G"", ""series"": ""Redmi Note 12"", ""category"": ""Premium Electronics"", ""weight_g"": 188, ""biometric"": ""Fingerprint"", ""edge_type"": ""Flat"", ""port_type"": ""USB-C"", ""processor"": ""Snapdragon 4 Gen 1"", ""dimensions"": ""165.9 × 76.2 × 8 mm"", ""notch_type"": ""Punch-hole"", ""rear_cameras"": ""Dual"", ""sub_category"": ""Phones"", ""camera_layout"": ""Vertical"", ""rear_material"": ""Plastic"", ""released_year"": 2023, ""screen_size_in"": 6.67}"
0faf2bac-f457-4ad5-95e7-d3b944432523,3,6,18,323,429,electronics/premium-electronics/phones/xiaomi/mi-5/0faf2bac-f457-4ad5-95e7-d3b944432523/MFUffYCsn6SOSLNvAghCfh0HZNObEhkx6q92d0X6.jpg,2/23/2026 7:55,3/17/2026 19:08,,"{""brand"": ""Xiaomi"", ""model"": ""Mi 5"", ""series"": ""Mi 5"", ""category"": ""Premium Electronics"", ""weight_g"": 129, ""biometric"": ""Fingerprint"", ""edge_type"": ""Curved"", ""port_type"": ""USB-C"", ""processor"": ""Snapdragon 820"", ""dimensions"": ""144.6 × 69.2 × 7.3 mm"", ""notch_type"": ""No Notch"", ""rear_cameras"": ""Single"", ""sub_category"": ""Phones"", ""camera_layout"": ""Vertical"", ""rear_material"": ""Glass"", ""released_year"": 2016, ""screen_size_in"": 5.15}"
150a7e8c-106c-425a-8c4f-87a6c3482465,3,6,18,328,436,electronics/premium-electronics/phones/redmi/redmi-note-10-pro/150a7e8c-106c-425a-8c4f-87a6c3482465/1xMPAJupglgL8odkXovYc2RLTAU5hjrjMgkaSMLO.jpg,2/23/2026 7:55,3/17/2026 19:14,,"{""brand"": ""Redmi"", ""model"": ""Redmi Note 10 Pro"", ""series"": ""Redmi Note 10"", ""category"": ""Premium Electronics"", ""weight_g"": 193, ""biometric"": ""Fingerprint"", ""edge_type"": ""Flat"", ""port_type"": ""USB-C"", ""processor"": ""Snapdragon 732G"", ""dimensions"": ""164 × 76.5 × 8.1 mm"", ""notch_type"": ""Punch-hole"", ""rear_cameras"": ""Quad"", ""sub_category"": ""Phones"", ""camera_layout"": ""Vertical"", ""rear_material"": ""Glass"", ""released_year"": 2021, ""screen_size_in"": 6.67}"
2a750b0e-76d1-4dbf-b854-6c6fd7f39dd3,3,6,18,328,438,electronics/premium-electronics/phones/redmi/redmi-note-8-pro/2a750b0e-76d1-4dbf-b854-6c6fd7f39dd3/HsPAkSp4POLj0zhpZhZWF6wQ3EruyjAQstiWAvHm.jpg,2/23/2026 7:55,3/19/2026 16:37,,"{""brand"": ""Redmi"", ""model"": ""Redmi Note 8 Pro"", ""series"": ""Redmi Note 8"", ""category"": ""Premium Electronics"", ""weight_g"": 200, ""biometric"": ""Fingerprint"", ""edge_type"": ""Flat"", ""port_type"": ""USB-C"", ""processor"": ""MediaTek Helio G90T"", ""dimensions"": ""161.3 × 76.4 × 8.8 mm"", ""notch_type"": ""Waterdrop"", ""rear_cameras"": ""Quad"", ""sub_category"": ""Phones"", ""camera_layout"": ""Vertical"", ""rear_material"": ""Glass"", ""released_year"": 2019, ""screen_size_in"": 6.53}"
2d1d0843-cdd8-45d0-a3b9-c9000f4508b7,3,6,18,323,430,electronics/premium-electronics/phones/xiaomi/mi-4/2d1d0843-cdd8-45d0-a3b9-c9000f4508b7/w1EILwAuWQIyiDRsjUnijwZGkVz0yLQrFBpx33t2.jpg,2/23/2026 7:55,3/19/2026 16:40,,"{""brand"": ""Xiaomi"", ""model"": ""Mi 4"", ""series"": ""Mi 4"", ""category"": ""Premium Electronics"", ""weight_g"": 149, ""biometric"": ""Fingerprint"", ""edge_type"": ""Flat"", ""port_type"": ""Micro-USB"", ""processor"": ""Snapdragon 801"", ""dimensions"": ""139.2 × 68.5 × 8.9 mm"", ""notch_type"": ""No Notch"", ""rear_cameras"": ""Single"", ""sub_category"": ""Phones"", ""camera_layout"": ""Vertical"", ""rear_material"": ""Plastic"", ""released_year"": 2014, ""screen_size_in"": 5}"
300b8010-2d29-4cd4-9904-602e521623cf,3,6,18,323,427,electronics/premium-electronics/phones/xiaomi/mi-8/300b8010-2d29-4cd4-9904-602e521623cf/U65LoK0QuvvKiAjdZhRcN2B8b0e1lYcpr3Xziw9p.jpg,2/23/2026 7:55,3/19/2026 16:41,,"{""brand"": ""Xiaomi"", ""model"": ""Mi 8"", ""series"": ""Mi 8"", ""category"": ""Premium Electronics"", ""weight_g"": 175, ""biometric"": ""Fingerprint"", ""edge_type"": ""Curved"", ""port_type"": ""USB-C"", ""processor"": ""Snapdragon 845"", ""dimensions"": ""154.9 × 74.8 × 7.6 mm"", ""notch_type"": ""Notch"", ""rear_cameras"": ""Dual"", ""sub_category"": ""Phones"", ""camera_layout"": ""Vertical"", ""rear_material"": ""Glass"", ""released_year"": 2018, ""screen_size_in"": 6.21}"
7f005ba6-b85b-4053-a4ae-68d43183cf67,3,6,18,328,437,electronics/premium-electronics/phones/redmi/redmi-note-9-pro/7f005ba6-b85b-4053-a4ae-68d43183cf67/0TRwEiZQePnL1RzdLWXPmwRSMWVorcUqWQDE9zY1.jpg,2/23/2026 7:55,3/19/2026 17:01,,"{""brand"": ""Redmi"", ""model"": ""Redmi Note 9 Pro"", ""series"": ""Redmi Note 9"", ""category"": ""Premium Electronics"", ""weight_g"": 209, ""biometric"": ""Fingerprint"", ""edge_type"": ""Flat"", ""port_type"": ""USB-C"", ""processor"": ""Snapdragon 720G"", ""dimensions"": ""165.8 × 76.7 × 8.8 mm"", ""notch_type"": ""Punch-hole"", ""rear_cameras"": ""Quad"", ""sub_category"": ""Phones"", ""camera_layout"": ""Square"", ""rear_material"": ""Glass"", ""released_year"": 2020, ""screen_size_in"": 6.67}"
a17816bc-0aa9-47a0-8552-4bfb046b3c05,3,6,18,328,433,electronics/premium-electronics/phones/redmi/redmi-note-12-pro-5g/a17816bc-0aa9-47a0-8552-4bfb046b3c05/RijKLbLp2qXCN3ulY0U1K1daltBiaSZie8n6kZn4.jpg,2/23/2026 7:55,3/19/2026 17:07,,"{""brand"": ""Redmi"", ""model"": ""Redmi Note 12 Pro+ 5G"", ""series"": ""Redmi Note 12"", ""category"": ""Premium Electronics"", ""weight_g"": 208, ""biometric"": ""Fingerprint"", ""edge_type"": ""Flat"", ""port_type"": ""USB-C"", ""processor"": ""MediaTek Dimensity 1080"", ""dimensions"": ""162.9 × 76 × 8.98 mm"", ""notch_type"": ""Punch-hole"", ""rear_cameras"": ""Triple"", ""sub_category"": ""Phones"", ""camera_layout"": ""Vertical"", ""rear_material"": ""Glass"", ""released_year"": 2023, ""screen_size_in"": 6.67}"
d86f8999-76db-4204-ba65-f8a909cf5d48,3,6,18,328,435,electronics/premium-electronics/phones/redmi/redmi-note-11-pro/d86f8999-76db-4204-ba65-f8a909cf5d48/jO4XBoHXAoHiV6BSXEBXD5WkXaBa37yxXz4UPl8U.jpg,2/23/2026 7:55,3/19/2026 17:21,,"{""brand"": ""Redmi"", ""model"": ""Redmi Note 11 Pro"", ""series"": ""Redmi Note 11"", ""category"": ""Premium Electronics"", ""weight_g"": 202, ""biometric"": ""Fingerprint"", ""edge_type"": ""Flat"", ""port_type"": ""USB-C"", ""processor"": ""MediaTek Helio G96"", ""dimensions"": ""164.2 × 76.1 × 8.1 mm"", ""notch_type"": ""Punch-hole"", ""rear_cameras"": ""Quad"", ""sub_category"": ""Phones"", ""camera_layout"": ""Vertical"", ""rear_material"": ""Glass"", ""released_year"": 2022, ""screen_size_in"": 6.67}"
e718f14f-a7ee-4247-a6d8-462aea234d8f,3,6,18,328,432,electronics/premium-electronics/phones/redmi/redmi-note-13-pro-5g/e718f14f-a7ee-4247-a6d8-462aea234d8f/6hRnpTS4tk4j7nuOfGLIzOdCI4Rz5FvKiVP1O4Cy.jpg,2/23/2026 7:55,3/19/2026 17:22,,"{""brand"": ""Redmi"", ""model"": ""Redmi Note 13 Pro 5G"", ""series"": ""Redmi Note 13"", ""category"": ""Premium Electronics"", ""weight_g"": 187, ""biometric"": ""Fingerprint"", ""edge_type"": ""Flat"", ""port_type"": ""USB-C"", ""processor"": ""Snapdragon 7s Gen 2"", ""dimensions"": ""161.2 × 74.3 × 8 mm"", ""notch_type"": ""Punch-hole"", ""rear_cameras"": ""Triple"", ""sub_category"": ""Phones"", ""camera_layout"": ""Vertical"", ""rear_material"": ""Glass"", ""released_year"": 2024, ""screen_size_in"": 6.67}"
085a1e43-ed09-4360-b091-9f576c0d0ecb,3,6,18,317,448,electronics/premium-electronics/phones/poco/poco-x4-pro-5g/085a1e43-ed09-4360-b091-9f576c0d0ecb/88Vtd5eHV11tfd56bkkmZ7xm1cy64XflMhlnNwh3.jpg,2/23/2026 7:55,3/17/2026 19:07,,"{""brand"": ""POCO"", ""model"": ""POCO X4 Pro 5G"", ""series"": ""POCO X4"", ""category"": ""Premium Electronics"", ""weight_g"": 205, ""biometric"": ""Fingerprint"", ""edge_type"": ""Flat"", ""port_type"": ""USB-C"", ""processor"": ""Snapdragon 695"", ""dimensions"": ""164.2 × 76.1 × 8.1 mm"", ""notch_type"": ""Punch-hole"", ""rear_cameras"": ""Triple"", ""sub_category"": ""Phones"", ""camera_layout"": ""Square"", ""rear_material"": ""Glass"", ""released_year"": 2022, ""screen_size_in"": 6.67}"
12beac03-62e2-43b3-b43e-0b095ea06e82,3,6,18,317,449,electronics/premium-electronics/phones/poco/poco-f4/12beac03-62e2-43b3-b43e-0b095ea06e82/d7Vm9mrTVp53mTLrdHhoqIZSPKpaUDgZahaCddzw.jpg,2/23/2026 7:55,3/17/2026 19:12,,"{""brand"": ""POCO"", ""model"": ""POCO F4"", ""series"": ""POCO F4"", ""category"": ""Premium Electronics"", ""weight_g"": 195, ""biometric"": ""Fingerprint"", ""edge_type"": ""Flat"", ""port_type"": ""USB-C"", ""processor"": ""Snapdragon 870"", ""dimensions"": ""163.2 × 75.95 × 7.7 mm"", ""notch_type"": ""Punch-hole"", ""rear_cameras"": ""Triple"", ""sub_category"": ""Phones"", ""camera_layout"": ""Vertical"", ""rear_material"": ""Glass"", ""released_year"": 2022, ""screen_size_in"": 6.67}"
1b0f7f74-2161-46fe-921f-fc7968adbe51,3,6,18,328,443,electronics/premium-electronics/phones/redmi/redmi-note-2/1b0f7f74-2161-46fe-921f-fc7968adbe51/LYDDCh5XqAx1oGlAYPzuwO1IStGlhNFmtL9cSD1p.jpg,2/23/2026 7:55,3/19/2026 16:34,,"{""brand"": ""Redmi"", ""model"": ""Redmi Note 2"", ""series"": ""Redmi Note 2"", ""category"": ""Premium Electronics"", ""weight_g"": 160, ""biometric"": ""Fingerprint"", ""edge_type"": ""Flat"", ""port_type"": ""Micro-USB"", ""processor"": ""MediaTek Helio X10"", ""dimensions"": ""152 × 76 × 8.25 mm"", ""notch_type"": ""No Notch"", ""rear_cameras"": ""Single"", ""sub_category"": ""Phones"", ""camera_layout"": ""Vertical"", ""rear_material"": ""Plastic"", ""released_year"": 2015, ""screen_size_in"": 5.5}"
4b18584e-5c17-4351-918b-ba8260fd41eb,3,6,18,317,447,electronics/premium-electronics/phones/poco/poco-x5-pro-5g/4b18584e-5c17-4351-918b-ba8260fd41eb/4iTIWRHHgTamt9yBsX752kulGesgLk7takQgZe8t.jpg,2/23/2026 7:55,3/19/2026 16:46,,"{""brand"": ""POCO"", ""model"": ""POCO X5 Pro 5G"", ""series"": ""POCO X5"", ""category"": ""Premium Electronics"", ""weight_g"": 181, ""biometric"": ""Fingerprint"", ""edge_type"": ""Flat"", ""port_type"": ""USB-C"", ""processor"": ""Snapdragon 778G"", ""dimensions"": ""162.9 × 76 × 7.9 mm"", ""notch_type"": ""Punch-hole"", ""rear_cameras"": ""Triple"", ""sub_category"": ""Phones"", ""camera_layout"": ""Vertical"", ""rear_material"": ""Plastic"", ""released_year"": 2023, ""screen_size_in"": 6.67}"
729aa54c-3ccc-42a2-9212-142b2e40d84b,3,6,18,317,450,electronics/premium-electronics/phones/poco/poco-x3-pro/729aa54c-3ccc-42a2-9212-142b2e40d84b/gNNkTJNPfj6WzMBfWd7J4TYSjH17zuOhTDLqIBgM.jpg,2/23/2026 7:55,3/19/2026 16:59,,"{""brand"": ""POCO"", ""model"": ""POCO X3 Pro"", ""series"": ""POCO X3"", ""category"": ""Premium Electronics"", ""weight_g"": 215, ""biometric"": ""Fingerprint"", ""edge_type"": ""Rounded"", ""port_type"": ""USB-C"", ""processor"": ""Snapdragon 860"", ""dimensions"": ""165.3 × 76.8 × 9.4 mm"", ""notch_type"": ""Punch-hole"", ""rear_cameras"": ""Quad"", ""sub_category"": ""Phones"", ""camera_layout"": ""Square"", ""rear_material"": ""Plastic"", ""released_year"": 2021, ""screen_size_in"": 6.67}"
6405c095-7389-422d-a2c1-d1cc6d6a9ba8,3,6,18,328,442,electronics/premium-electronics/phones/redmi/redmi-note-3/6405c095-7389-422d-a2c1-d1cc6d6a9ba8/svfUCVfuxw3EQTsEOwXC5e1kNXSj8CqkiGkHsozQ.jpg,2/23/2026 7:55,3/19/2026 16:54,,"{""brand"": ""Redmi"", ""model"": ""Redmi Note 3"", ""series"": ""Redmi Note 3"", ""category"": ""Premium Electronics"", ""weight_g"": 164, ""biometric"": ""Fingerprint"", ""edge_type"": ""Flat"", ""port_type"": ""Micro-USB"", ""processor"": ""Snapdragon 650"", ""dimensions"": ""150 × 76 × 8.7 mm"", ""notch_type"": ""No Notch"", ""rear_cameras"": ""Single"", ""sub_category"": ""Phones"", ""camera_layout"": ""Vertical"", ""rear_material"": ""Metal"", ""released_year"": 2016, ""screen_size_in"": 5.5}"
97391cc3-ad5e-4d6b-90a8-7c6dda2eecc9,3,6,18,317,451,electronics/premium-electronics/phones/poco/poco-m3/97391cc3-ad5e-4d6b-90a8-7c6dda2eecc9/T8eOkW93I6n1GstPAX9TmXY9qsAiVxoaztFWGQ90.jpg,2/23/2026 7:55,3/19/2026 17:04,,"{""brand"": ""POCO"", ""model"": ""POCO M3"", ""series"": ""POCO M3"", ""category"": ""Premium Electronics"", ""weight_g"": 198, ""biometric"": ""Fingerprint"", ""edge_type"": ""Flat"", ""port_type"": ""USB-C"", ""processor"": ""Snapdragon 662"", ""dimensions"": ""162.3 × 77.3 × 9.6 mm"", ""notch_type"": ""Waterdrop"", ""rear_cameras"": ""Triple"", ""sub_category"": ""Phones"", ""camera_layout"": ""Horizontal"", ""rear_material"": ""Plastic"", ""released_year"": 2020, ""screen_size_in"": 6.53}"
be515b81-888e-4b87-8b52-51d19098bb18,3,6,18,328,440,electronics/premium-electronics/phones/redmi/redmi-note-5-pro/be515b81-888e-4b87-8b52-51d19098bb18/rgAKDdkdo1JCVzLVSw0vxc5IZSZQdGhDmHiohG67.jpg,2/23/2026 7:55,3/19/2026 17:14,,"{""brand"": ""Redmi"", ""model"": ""Redmi Note 5 Pro"", ""series"": ""Redmi Note 5"", ""category"": ""Premium Electronics"", ""weight_g"": 181, ""biometric"": ""Fingerprint"", ""edge_type"": ""Flat"", ""port_type"": ""Micro-USB"", ""processor"": ""Snapdragon 636"", ""dimensions"": ""158.6 × 75.4 × 8.1 mm"", ""notch_type"": ""No Notch"", ""rear_cameras"": ""Dual"", ""sub_category"": ""Phones"", ""camera_layout"": ""Vertical"", ""rear_material"": ""Metal"", ""released_year"": 2018, ""screen_size_in"": 5.99}"
cc68ea2d-f13f-4c14-8753-598b879b28a7,3,6,18,317,452,electronics/premium-electronics/phones/poco/poco-x2/cc68ea2d-f13f-4c14-8753-598b879b28a7/7XZVXwmxOOR1R6NZpGg4rPNYP85txaIc0wFbROTS.jpg,2/23/2026 7:55,3/19/2026 17:17,,"{""brand"": ""POCO"", ""model"": ""POCO X2"", ""series"": ""POCO X2"", ""category"": ""Premium Electronics"", ""weight_g"": 208, ""biometric"": ""Fingerprint"", ""edge_type"": ""Flat"", ""port_type"": ""USB-C"", ""processor"": ""Snapdragon 730G"", ""dimensions"": ""165.3 × 76.6 × 8.8 mm"", ""notch_type"": ""Punch-hole"", ""rear_cameras"": ""Quad"", ""sub_category"": ""Phones"", ""camera_layout"": ""Vertical"", ""rear_material"": ""Glass"", ""released_year"": 2020, ""screen_size_in"": 6.67}"
e4de29d2-dfe5-45cd-a959-567b9ce516bb,3,6,18,317,446,electronics/premium-electronics/phones/poco/poco-f5/e4de29d2-dfe5-45cd-a959-567b9ce516bb/XwdOEWT8NIJp3YoCvlTNb9fEQnEHUW8gFdivGjxI.jpg,2/23/2026 7:55,3/19/2026 17:21,,"{""brand"": ""POCO"", ""model"": ""POCO F5"", ""series"": ""POCO F5"", ""category"": ""Premium Electronics"", ""weight_g"": 181, ""biometric"": ""Fingerprint"", ""edge_type"": ""Flat"", ""port_type"": ""USB-C"", ""processor"": ""Snapdragon 7+ Gen 2"", ""dimensions"": ""161.1 × 75 × 7.9 mm"", ""notch_type"": ""Punch-hole"", ""rear_cameras"": ""Triple"", ""sub_category"": ""Phones"", ""camera_layout"": ""Vertical"", ""rear_material"": ""Plastic"", ""released_year"": 2023, ""screen_size_in"": 6.67}"
2fafa5bd-2c61-4be8-a13a-ee6f2921d8c5,3,6,18,316,462,electronics/premium-electronics/phones/realme/realme-gt-6/2fafa5bd-2c61-4be8-a13a-ee6f2921d8c5/T739zofmLiUKJxt03jje7jOI9lbldDIqKziiHRNW.jpg,2/23/2026 7:55,3/19/2026 16:40,,"{""brand"": ""Realme"", ""model"": ""Realme GT 6"", ""series"": ""Realme GT"", ""category"": ""Premium Electronics"", ""weight_g"": 191, ""biometric"": ""Fingerprint"", ""edge_type"": ""Flat"", ""port_type"": ""USB-C"", ""processor"": ""Snapdragon 8s Gen 3"", ""dimensions"": ""162 × 75.1 × 8.6 mm"", ""notch_type"": ""Punch-hole"", ""rear_cameras"": ""Triple"", ""sub_category"": ""Phones"", ""camera_layout"": ""Vertical"", ""rear_material"": ""Glass"", ""released_year"": 2024, ""screen_size_in"": 6.78}"
3c044b62-0f98-45c5-8276-c3c39b9871b1,3,6,18,332,458,electronics/premium-electronics/phones/oneplus/oneplus-8/3c044b62-0f98-45c5-8276-c3c39b9871b1/23Ff3IT1At90HXzeRxdsRXgYJ4euMJ4J4E9AMu8B.jpg,2/23/2026 7:55,3/19/2026 16:43,,"{""brand"": ""OnePlus"", ""model"": ""OnePlus 8"", ""series"": ""OnePlus"", ""category"": ""Premium Electronics"", ""weight_g"": 180, ""biometric"": ""Fingerprint"", ""edge_type"": ""Curved"", ""port_type"": ""USB-C"", ""processor"": ""Snapdragon 865"", ""dimensions"": ""160.2 × 72.9 × 8 mm"", ""notch_type"": ""Punch-hole"", ""rear_cameras"": ""Triple"", ""sub_category"": ""Phones"", ""camera_layout"": ""Vertical"", ""rear_material"": ""Glass"", ""released_year"": 2020, ""screen_size_in"": 6.55}"
45cd1ef2-7e0f-48dd-bf65-0398113864ca,3,6,18,316,465,electronics/premium-electronics/phones/realme/realme-gt-neo-3/45cd1ef2-7e0f-48dd-bf65-0398113864ca/Y12gMLt1WFlEQo4bhxENaHTU0STi5cynr1mAhf9J.jpg,2/23/2026 7:55,3/19/2026 16:46,,"{""brand"": ""Realme"", ""model"": ""Realme GT Neo 3"", ""series"": ""Realme GT"", ""category"": ""Premium Electronics"", ""weight_g"": 188, ""biometric"": ""Fingerprint"", ""edge_type"": ""Flat"", ""port_type"": ""USB-C"", ""processor"": ""MediaTek Dimensity 8100"", ""dimensions"": ""163.3 × 75.6 × 8.2 mm"", ""notch_type"": ""Punch-hole"", ""rear_cameras"": ""Triple"", ""sub_category"": ""Phones"", ""camera_layout"": ""Vertical"", ""rear_material"": ""Glass"", ""released_year"": 2022, ""screen_size_in"": 6.7}"
6d60c409-c2a3-45c2-bb33-d895fb03abad,3,6,18,332,455,electronics/premium-electronics/phones/oneplus/oneplus-11/6d60c409-c2a3-45c2-bb33-d895fb03abad/yEsdNcOL5B0IkYQEnHalmk4PPltIWfvhXdDYffh3.jpg,2/23/2026 7:55,3/19/2026 16:57,,"{""brand"": ""OnePlus"", ""model"": ""OnePlus 11"", ""series"": ""OnePlus"", ""category"": ""Premium Electronics"", ""weight_g"": 205, ""biometric"": ""Fingerprint + Face Unlock"", ""edge_type"": ""Curved"", ""port_type"": ""USB-C"", ""processor"": ""Snapdragon 8 Gen 2"", ""dimensions"": ""163.1 × 74.1 × 8.5 mm"", ""notch_type"": ""Punch-hole"", ""rear_cameras"": ""Triple"", ""sub_category"": ""Phones"", ""camera_layout"": ""Circular"", ""rear_material"": ""Glass"", ""released_year"": 2023, ""screen_size_in"": 6.7}"
72402080-d531-4be8-a304-8936be391818,3,6,18,332,460,electronics/premium-electronics/phones/oneplus/oneplus-6/72402080-d531-4be8-a304-8936be391818/VlmE8s70cOWpibr6gdwGSnqsf5NpKA3kqOdebyWF.jpg,2/23/2026 7:55,3/19/2026 16:58,,"{""brand"": ""OnePlus"", ""model"": ""OnePlus 6"", ""series"": ""OnePlus"", ""category"": ""Premium Electronics"", ""weight_g"": 177, ""biometric"": ""Fingerprint"", ""edge_type"": ""Curved"", ""port_type"": ""USB-C"", ""processor"": ""Snapdragon 845"", ""dimensions"": ""155.7 × 75.4 × 7.8 mm"", ""notch_type"": ""Notch"", ""rear_cameras"": ""Dual"", ""sub_category"": ""Phones"", ""camera_layout"": ""Vertical"", ""rear_material"": ""Glass"", ""released_year"": 2018, ""screen_size_in"": 6.28}"
710ce955-5909-4f06-bf76-cf01036e8465,3,6,18,316,463,electronics/premium-electronics/phones/realme/realme-12-pro/710ce955-5909-4f06-bf76-cf01036e8465/60QJXW21Qx6URRcJQtU9Qf9QgZE8uEPTgtqQYtGV.jpg,2/23/2026 7:55,3/19/2026 16:57,,"{""brand"": ""Realme"", ""model"": ""Realme 12 Pro+"", ""series"": ""Realme 12"", ""category"": ""Premium Electronics"", ""weight_g"": 196, ""biometric"": ""Fingerprint"", ""edge_type"": ""Curved"", ""port_type"": ""USB-C"", ""processor"": ""Snapdragon 7s Gen 2"", ""dimensions"": ""161.5 × 74 × 8.8 mm"", ""notch_type"": ""Punch-hole"", ""rear_cameras"": ""Triple"", ""sub_category"": ""Phones"", ""camera_layout"": ""Circular"", ""rear_material"": ""Vegan Leather"", ""released_year"": 2024, ""screen_size_in"": 6.7}"
7af4f00b-ede3-4882-8794-11279cc19ee3,3,6,18,332,461,electronics/premium-electronics/phones/oneplus/oneplus-5/7af4f00b-ede3-4882-8794-11279cc19ee3/2VTIONPn4oVKXybRP6RX5AZdicWa9dWc8qgZRFfj.jpg,2/23/2026 7:55,3/19/2026 17:00,,"{""brand"": ""OnePlus"", ""model"": ""OnePlus 5"", ""series"": ""OnePlus"", ""category"": ""Premium Electronics"", ""weight_g"": 153, ""biometric"": ""Fingerprint"", ""edge_type"": ""Flat"", ""port_type"": ""USB-C"", ""processor"": ""Snapdragon 835"", ""dimensions"": ""154.2 × 74.1 × 7.3 mm"", ""notch_type"": ""No Notch"", ""rear_cameras"": ""Dual"", ""sub_category"": ""Phones"", ""camera_layout"": ""Horizontal"", ""rear_material"": ""Metal"", ""released_year"": 2017, ""screen_size_in"": 5.5}"
ac849881-d54e-4c72-93af-8f18f6d745bf,3,6,18,332,457,electronics/premium-electronics/phones/oneplus/oneplus-9-pro/ac849881-d54e-4c72-93af-8f18f6d745bf/u5ZfTS9Z4L2K8JRcqnV35EmKYoHU6y5HALYGqZd1.jpg,2/23/2026 7:55,3/19/2026 17:11,,"{""brand"": ""OnePlus"", ""model"": ""OnePlus 9 Pro"", ""series"": ""OnePlus"", ""category"": ""Premium Electronics"", ""weight_g"": 197, ""biometric"": ""Fingerprint + Face Unlock"", ""edge_type"": ""Curved"", ""port_type"": ""USB-C"", ""processor"": ""Snapdragon 888"", ""dimensions"": ""163.2 × 73.6 × 8.7 mm"", ""notch_type"": ""Punch-hole"", ""rear_cameras"": ""Quad"", ""sub_category"": ""Phones"", ""camera_layout"": ""Vertical"", ""rear_material"": ""Glass"", ""released_year"": 2021, ""screen_size_in"": 6.7}"
b9a5d3ee-196f-4b1f-86bc-192436f37fe8,3,6,18,332,459,electronics/premium-electronics/phones/oneplus/oneplus-7t/b9a5d3ee-196f-4b1f-86bc-192436f37fe8/SFBpIxvz5FV0t42yVUwbUUyir8IOIUoDvEiMA1cI.jpg,2/23/2026 7:55,3/19/2026 17:13,,"{""brand"": ""OnePlus"", ""model"": ""OnePlus 7T"", ""series"": ""OnePlus"", ""category"": ""Premium Electronics"", ""weight_g"": 190, ""biometric"": ""Fingerprint"", ""edge_type"": ""Flat"", ""port_type"": ""USB-C"", ""processor"": ""Snapdragon 855+"", ""dimensions"": ""160.9 × 74.4 × 8.1 mm"", ""notch_type"": ""Waterdrop"", ""rear_cameras"": ""Triple"", ""sub_category"": ""Phones"", ""camera_layout"": ""Circular"", ""rear_material"": ""Glass"", ""released_year"": 2019, ""screen_size_in"": 6.55}"
f000df9e-9f3c-406d-b143-a712bc4b9d72,3,6,18,317,453,electronics/premium-electronics/phones/poco/poco-f1/f000df9e-9f3c-406d-b143-a712bc4b9d72/gAzKdAvqaMc5F4uuHby0Vakzo4XHeWp2V1yAXRLz.jpg,2/23/2026 7:55,3/19/2026 17:27,,"{""brand"": ""POCO"", ""model"": ""POCO F1"", ""series"": ""POCO F1"", ""category"": ""Premium Electronics"", ""weight_g"": 182, ""biometric"": ""Fingerprint"", ""edge_type"": ""Flat"", ""port_type"": ""USB-C"", ""processor"": ""Snapdragon 845"", ""dimensions"": ""155.5 × 75.3 × 8.8 mm"", ""notch_type"": ""Notch"", ""rear_cameras"": ""Dual"", ""sub_category"": ""Phones"", ""camera_layout"": ""Vertical"", ""rear_material"": ""Plastic"", ""released_year"": 2018, ""screen_size_in"": 6.18}"
1861aa9d-3c01-4dde-b89c-16150afc3983,3,6,18,318,470,electronics/premium-electronics/phones/vivo/vivo-x80/1861aa9d-3c01-4dde-b89c-16150afc3983/pVDnhpDlWDeCKtgRXD74r4z2MBPDwCiloNVdj81s.jpg,2/23/2026 7:55,3/19/2026 16:32,,"{""brand"": ""Vivo"", ""model"": ""Vivo X80"", ""series"": ""Vivo X80"", ""category"": ""Premium Electronics"", ""weight_g"": 206, ""biometric"": ""Fingerprint"", ""edge_type"": ""Curved"", ""port_type"": ""USB-C"", ""processor"": ""MediaTek Dimensity 9000"", ""dimensions"": ""164.9 × 75.2 × 8.3 mm"", ""notch_type"": ""Punch-hole"", ""rear_cameras"": ""Triple"", ""sub_category"": ""Phones"", ""camera_layout"": ""Circular"", ""rear_material"": ""Glass"", ""released_year"": 2022, ""screen_size_in"": 6.78}"
4f4d5fd0-ae9f-4cac-92e4-6d8a0781f4fb,3,6,18,318,468,electronics/premium-electronics/phones/vivo/vivo-x100-pro/4f4d5fd0-ae9f-4cac-92e4-6d8a0781f4fb/KLUjIm0kOn3v0VY87oURnd24vmZNhv4CTKxiiPZB.jpg,2/23/2026 7:55,3/19/2026 16:48,,"{""brand"": ""Vivo"", ""model"": ""Vivo X100 Pro"", ""series"": ""Vivo X100"", ""category"": ""Premium Electronics"", ""weight_g"": 221, ""biometric"": ""Fingerprint"", ""edge_type"": ""Curved"", ""port_type"": ""USB-C"", ""processor"": ""MediaTek Dimensity 9300"", ""dimensions"": ""164.1 × 75.3 × 8.9 mm"", ""notch_type"": ""Punch-hole"", ""rear_cameras"": ""Triple"", ""sub_category"": ""Phones"", ""camera_layout"": ""Circular"", ""rear_material"": ""Glass"", ""released_year"": 2024, ""screen_size_in"": 6.78}"
1a937087-c91a-4020-92c4-d26413419b44,3,6,18,316,466,electronics/premium-electronics/phones/realme/realme-8-pro/1a937087-c91a-4020-92c4-d26413419b44/QTSoqu54A7BMIP9qqjEgmopKwPeV3XwZtVvdBzLt.jpg,2/23/2026 7:55,3/19/2026 16:33,,"{""brand"": ""Realme"", ""model"": ""Realme 8 Pro"", ""series"": ""Realme 8"", ""category"": ""Premium Electronics"", ""weight_g"": 176, ""biometric"": ""Fingerprint"", ""edge_type"": ""Flat"", ""port_type"": ""USB-C"", ""processor"": ""Snapdragon 720G"", ""dimensions"": ""160.6 × 73.9 × 8.1 mm"", ""notch_type"": ""Punch-hole"", ""rear_cameras"": ""Quad"", ""sub_category"": ""Phones"", ""camera_layout"": ""Vertical"", ""rear_material"": ""Plastic"", ""released_year"": 2021, ""screen_size_in"": 6.4}"
52a08887-d0cd-48e0-9d15-878b14069037,3,6,18,325,474,electronics/premium-electronics/phones/oppo/oppo-reno11-pro/52a08887-d0cd-48e0-9d15-878b14069037/Wlwkcne8LcP1ivay5UTbxFD91e4IMSX3LPPZ6Pmy.jpg,2/23/2026 7:55,3/19/2026 16:49,,"{""brand"": ""Oppo"", ""model"": ""Oppo Reno11 Pro"", ""series"": ""Reno11"", ""category"": ""Premium Electronics"", ""weight_g"": 181, ""biometric"": ""Fingerprint"", ""edge_type"": ""Curved"", ""port_type"": ""USB-C"", ""processor"": ""Snapdragon 8+ Gen 1"", ""dimensions"": ""162.4 × 74.1 × 7.6 mm"", ""notch_type"": ""Punch-hole"", ""rear_cameras"": ""Triple"", ""sub_category"": ""Phones"", ""camera_layout"": ""Vertical"", ""rear_material"": ""Glass"", ""released_year"": 2024, ""screen_size_in"": 6.74}"
54178584-9d43-4a0e-a7cf-5345e675527e,3,6,18,318,472,electronics/premium-electronics/phones/vivo/vivo-s1/54178584-9d43-4a0e-a7cf-5345e675527e/IHN8ixe3v2JW3V43fOM7IeKEJ1ZcmaHNu73wQ3KH.jpg,2/23/2026 7:55,3/19/2026 16:50,,"{""brand"": ""Vivo"", ""model"": ""Vivo S1"", ""series"": ""Vivo S1"", ""category"": ""Premium Electronics"", ""weight_g"": 179, ""biometric"": ""Fingerprint"", ""edge_type"": ""Curved"", ""port_type"": ""Micro-USB"", ""processor"": ""MediaTek Helio P65"", ""dimensions"": ""159.5 × 75.2 × 8.1 mm"", ""notch_type"": ""Waterdrop"", ""rear_cameras"": ""Triple"", ""sub_category"": ""Phones"", ""camera_layout"": ""Vertical"", ""rear_material"": ""Plastic"", ""released_year"": 2019, ""screen_size_in"": 6.38}"
587510d6-cc9d-4d2e-a01b-8ed5275479a3,3,6,18,316,467,electronics/premium-electronics/phones/realme/realme-6/587510d6-cc9d-4d2e-a01b-8ed5275479a3/i4cpqYfFgpahBQjC0pnYOQUbP9EPZWrzYd2yqnjt.jpg,2/23/2026 7:55,3/19/2026 16:50,,"{""brand"": ""Realme"", ""model"": ""Realme 6"", ""series"": ""Realme 6"", ""category"": ""Premium Electronics"", ""weight_g"": 191, ""biometric"": ""Fingerprint"", ""edge_type"": ""Flat"", ""port_type"": ""USB-C"", ""processor"": ""MediaTek Helio G90T"", ""dimensions"": ""162.1 × 74.8 × 8.9 mm"", ""notch_type"": ""Punch-hole"", ""rear_cameras"": ""Quad"", ""sub_category"": ""Phones"", ""camera_layout"": ""Vertical"", ""rear_material"": ""Plastic"", ""released_year"": 2020, ""screen_size_in"": 6.5}"
62d8c2f9-f18a-45f3-bafc-7cc754eb9283,3,6,18,325,475,electronics/premium-electronics/phones/oppo/oppo-reno8-pro/62d8c2f9-f18a-45f3-bafc-7cc754eb9283/Gd2TQWml3cO0N5mEn1agO5Dzm0ChuYmzqkFDiWo6.jpg,2/23/2026 7:55,3/19/2026 16:53,,"{""brand"": ""Oppo"", ""model"": ""Oppo Reno8 Pro"", ""series"": ""Reno8"", ""category"": ""Premium Electronics"", ""weight_g"": 183, ""biometric"": ""Fingerprint"", ""edge_type"": ""Flat"", ""port_type"": ""USB-C"", ""processor"": ""MediaTek Dimensity 8100-Max"", ""dimensions"": ""161 × 74.2 × 7.3 mm"", ""notch_type"": ""Punch-hole"", ""rear_cameras"": ""Dual"", ""sub_category"": ""Phones"", ""camera_layout"": ""Vertical"", ""rear_material"": ""Glass"", ""released_year"": 2022, ""screen_size_in"": 6.7}"
e7a2fba6-3655-486f-9f25-0f4d76e7faca,3,6,18,321,477,electronics/premium-electronics/phones/motorola/motorola-edge-50-pro/e7a2fba6-3655-486f-9f25-0f4d76e7faca/1Lxwdp3OzJUt0PRPrH0xYEzf6gIurdyz4Oia3tXm.jpg,2/23/2026 7:55,3/19/2026 17:23,,"{""brand"": ""Motorola"", ""model"": ""Motorola Edge 50 Pro"", ""series"": ""Edge 50"", ""category"": ""Premium Electronics"", ""weight_g"": 186, ""biometric"": ""Fingerprint"", ""edge_type"": ""Curved"", ""port_type"": ""USB-C"", ""processor"": ""Snapdragon 7 Gen 3"", ""dimensions"": ""161.2 × 72.4 × 8.2 mm"", ""notch_type"": ""Punch-hole"", ""rear_cameras"": ""Triple"", ""sub_category"": ""Phones"", ""camera_layout"": ""Vertical"", ""rear_material"": ""Vegan Leather"", ""released_year"": 2024, ""screen_size_in"": 6.7}"
eb4b9a43-234c-488b-85ab-f5b25f27d771,3,6,18,321,478,electronics/premium-electronics/phones/motorola/moto-g73/eb4b9a43-234c-488b-85ab-f5b25f27d771/DJpVdwHh5EYFojqjutnpntpeEvexbSRa42NdGRDV.jpg,2/23/2026 7:55,3/19/2026 17:25,,"{""brand"": ""Motorola"", ""model"": ""Moto G73"", ""series"": ""Moto G"", ""category"": ""Premium Electronics"", ""weight_g"": 181, ""biometric"": ""Fingerprint"", ""edge_type"": ""Flat"", ""port_type"": ""USB-C"", ""processor"": ""MediaTek Dimensity 930"", ""dimensions"": ""161.4 × 73.8 × 8.3 mm"", ""notch_type"": ""Punch-hole"", ""rear_cameras"": ""Dual"", ""sub_category"": ""Phones"", ""camera_layout"": ""Vertical"", ""rear_material"": ""Plastic"", ""released_year"": 2023, ""screen_size_in"": 6.5}"
169251dc-4dba-4fd7-a8bb-63c356acf035,3,6,18,320,486,electronics/premium-electronics/phones/huawei/huawei-mate-50-pro/169251dc-4dba-4fd7-a8bb-63c356acf035/HhhQmb5dE9mguarFwuVOcNXYMRn3wCC4krX6Mp0r.jpg,2/23/2026 7:55,3/17/2026 19:16,,"{""brand"": ""Huawei"", ""model"": ""Huawei Mate 50 Pro"", ""series"": ""Mate 50"", ""category"": ""Premium Electronics"", ""weight_g"": 209, ""biometric"": ""Face Unlock + Fingerprint"", ""edge_type"": ""Curved"", ""port_type"": ""USB-C"", ""processor"": ""Snapdragon 8+ Gen 1 (4G)"", ""dimensions"": ""162.1 × 75.5 × 8.5 mm"", ""notch_type"": ""Notch"", ""rear_cameras"": ""Triple"", ""sub_category"": ""Phones"", ""camera_layout"": ""Circular"", ""rear_material"": ""Glass"", ""released_year"": 2022, ""screen_size_in"": 6.74}"
2249e4c4-70e8-4103-a55d-168595a0e347,3,6,18,315,490,electronics/premium-electronics/phones/tecno/tecno-phantom-v-flip/2249e4c4-70e8-4103-a55d-168595a0e347/MzhrzjWiD7Rvbe0yFrhYX2GDN85EtbriljvIHfz0.jpg,2/23/2026 7:55,3/19/2026 16:37,,"{""brand"": ""Tecno"", ""model"": ""Tecno Phantom V Flip"", ""series"": ""Phantom"", ""category"": ""Premium Electronics"", ""weight_g"": 194, ""biometric"": ""Fingerprint"", ""edge_type"": ""Foldable"", ""port_type"": ""USB-C"", ""processor"": ""MediaTek Dimensity 8050"", ""dimensions"": ""171.7 × 74 × 7 mm"", ""notch_type"": ""Punch-hole"", ""rear_cameras"": ""Dual"", ""sub_category"": ""Phones"", ""camera_layout"": ""Circular"", ""rear_material"": ""Plastic"", ""released_year"": 2023, ""screen_size_in"": 6.9}"
4cfbb30f-779e-4d50-8de2-225dbb6d82e0,3,6,18,335,489,electronics/premium-electronics/phones/infinix/infinix-zero-30-5g/4cfbb30f-779e-4d50-8de2-225dbb6d82e0/iIonnXE2MyXltlp4q1jyii3WJr0HDGOdo1h0qXpF.jpg,2/23/2026 7:55,3/19/2026 16:47,,"{""brand"": ""Infinix"", ""model"": ""Infinix Zero 30 5G"", ""series"": ""Zero"", ""category"": ""Premium Electronics"", ""weight_g"": 185, ""biometric"": ""Fingerprint"", ""edge_type"": ""Curved"", ""port_type"": ""USB-C"", ""processor"": ""MediaTek Dimensity 8020"", ""dimensions"": ""164.5 × 75 × 7.9 mm"", ""notch_type"": ""Punch-hole"", ""rear_cameras"": ""Triple"", ""sub_category"": ""Phones"", ""camera_layout"": ""Vertical"", ""rear_material"": ""Glass"", ""released_year"": 2023, ""screen_size_in"": 6.78}"
63b68d2d-6605-48f4-aa28-cb5bb9c10f09,3,6,18,319,491,electronics/premium-electronics/phones/honor/honor-magic6-pro/63b68d2d-6605-48f4-aa28-cb5bb9c10f09/4DqQegRDDuctclOMmWQXpzBeJJfVHf0fW5SPT41W.jpg,2/23/2026 7:55,3/19/2026 16:53,,"{""brand"": ""Honor"", ""model"": ""Honor Magic6 Pro"", ""series"": ""Magic6"", ""category"": ""Premium Electronics"", ""weight_g"": 229, ""biometric"": ""Face Unlock + Fingerprint"", ""edge_type"": ""Curved"", ""port_type"": ""USB-C"", ""processor"": ""Snapdragon 8 Gen 3"", ""dimensions"": ""162.5 × 75.8 × 8.9 mm"", ""notch_type"": ""Punch-hole"", ""rear_cameras"": ""Triple"", ""sub_category"": ""Phones"", ""camera_layout"": ""Circular"", ""rear_material"": ""Glass"", ""released_year"": 2024, ""screen_size_in"": 6.8}"
a24a4ba8-130c-4d83-92cf-3601091e7fbc,3,6,18,337,481,electronics/premium-electronics/phones/google/pixel-8-pro/a24a4ba8-130c-4d83-92cf-3601091e7fbc/fpxvBYOu7WJAUuzEJDNoE8JmRUzZqyIMDsIpl7fe.jpg,2/23/2026 7:55,3/19/2026 17:07,,"{""brand"": ""Google"", ""model"": ""Pixel 8 Pro"", ""series"": ""Pixel 8"", ""category"": ""Premium Electronics"", ""weight_g"": 213, ""biometric"": ""Face Unlock + Fingerprint"", ""edge_type"": ""Flat"", ""port_type"": ""USB-C"", ""processor"": ""Google Tensor G3"", ""dimensions"": ""162.6 × 76.5 × 8.8 mm"", ""notch_type"": ""Punch-hole"", ""rear_cameras"": ""Triple"", ""sub_category"": ""Phones"", ""camera_layout"": ""Horizontal"", ""rear_material"": ""Glass"", ""released_year"": 2023, ""screen_size_in"": 6.7}"
a93d8622-7060-415a-ae6e-7179fbb4bd44,3,6,18,321,479,electronics/premium-electronics/phones/motorola/motorola-edge-20/a93d8622-7060-415a-ae6e-7179fbb4bd44/EyECMc99DIT09An70oFXInZWi74I2b9PsYFukwjb.jpg,2/23/2026 7:55,3/19/2026 17:11,,"{""brand"": ""Motorola"", ""model"": ""Motorola Edge 20"", ""series"": ""Edge 20"", ""category"": ""Premium Electronics"", ""weight_g"": 163, ""biometric"": ""Fingerprint"", ""edge_type"": ""Flat"", ""port_type"": ""USB-C"", ""processor"": ""Snapdragon 778G"", ""dimensions"": ""163 × 76 × 7 mm"", ""notch_type"": ""Punch-hole"", ""rear_cameras"": ""Triple"", ""sub_category"": ""Phones"", ""camera_layout"": ""Vertical"", ""rear_material"": ""Glass"", ""released_year"": 2021, ""screen_size_in"": 6.7}"
b3cbf38d-28ac-4fe3-b2f3-92a5b7dc5595,3,6,18,320,488,electronics/premium-electronics/phones/huawei/huawei-mate-20-pro/b3cbf38d-28ac-4fe3-b2f3-92a5b7dc5595/0SQvdecsHRxAnJSCzIe2eBSe5xydawj3vzDIu4Y8.jpg,2/23/2026 7:55,3/19/2026 17:12,,"{""brand"": ""Huawei"", ""model"": ""Huawei Mate 20 Pro"", ""series"": ""Mate 20"", ""category"": ""Premium Electronics"", ""weight_g"": 189, ""biometric"": ""Face Unlock + Fingerprint"", ""edge_type"": ""Curved"", ""port_type"": ""USB-C"", ""processor"": ""Kirin 980"", ""dimensions"": ""157.8 × 72.3 × 8.6 mm"", ""notch_type"": ""Notch"", ""rear_cameras"": ""Triple"", ""sub_category"": ""Phones"", ""camera_layout"": ""Square"", ""rear_material"": ""Glass"", ""released_year"": 2018, ""screen_size_in"": 6.39}"
bec53dd3-bbc5-4afc-810c-b627fc1b2fec,3,6,18,321,480,electronics/premium-electronics/phones/motorola/moto-g-power/bec53dd3-bbc5-4afc-810c-b627fc1b2fec/Xb1h9mI3R2oEhrqTIamvfGzyLYr32mRotn7vhxP8.jpg,2/23/2026 7:55,3/19/2026 17:14,,"{""brand"": ""Motorola"", ""model"": ""Moto G Power"", ""series"": ""Moto G"", ""category"": ""Premium Electronics"", ""weight_g"": 199, ""biometric"": ""Fingerprint"", ""edge_type"": ""Flat"", ""port_type"": ""USB-C"", ""processor"": ""Snapdragon 665"", ""dimensions"": ""159.9 × 75.8 × 9.6 mm"", ""notch_type"": ""Punch-hole"", ""rear_cameras"": ""Triple"", ""sub_category"": ""Phones"", ""camera_layout"": ""Square"", ""rear_material"": ""Plastic"", ""released_year"": 2020, ""screen_size_in"": 6.4}"
ea0b157a-15c5-4d83-bea6-4314a4bef77b,3,6,18,320,487,electronics/premium-electronics/phones/huawei/huawei-p40-pro/ea0b157a-15c5-4d83-bea6-4314a4bef77b/vk08ATUNawMXdHA5DUzt35QlYyyb94Krh7HiIckj.jpg,2/23/2026 7:55,3/19/2026 17:24,,"{""brand"": ""Huawei"", ""model"": ""Huawei P40 Pro"", ""series"": ""P40"", ""category"": ""Premium Electronics"", ""weight_g"": 209, ""biometric"": ""Face Unlock + Fingerprint"", ""edge_type"": ""Curved"", ""port_type"": ""USB-C"", ""processor"": ""Kirin 990 5G"", ""dimensions"": ""158.2 × 72.6 × 8.95 mm"", ""notch_type"": ""Punch-hole"", ""rear_cameras"": ""Quad"", ""sub_category"": ""Phones"", ""camera_layout"": ""Vertical"", ""rear_material"": ""Glass"", ""released_year"": 2020, ""screen_size_in"": 6.58}"
540ee33a-3f66-4544-906f-d586bc325013,3,6,18,326,499,electronics/premium-electronics/phones/lava/lava-blaze-5g/540ee33a-3f66-4544-906f-d586bc325013/QcmyQhAtSYkxEJ7aA50ozstKrgkybq65VB2cSHYF.jpg,2/23/2026 7:55,3/19/2026 16:49,,"{""brand"": ""Lava"", ""model"": ""Lava Blaze 5G"", ""series"": ""Blaze"", ""category"": ""Premium Electronics"", ""weight_g"": 207, ""biometric"": ""Fingerprint"", ""edge_type"": ""Flat"", ""port_type"": ""USB-C"", ""processor"": ""MediaTek Dimensity 810"", ""dimensions"": ""165.3 × 76.4 × 8.9 mm"", ""notch_type"": ""Waterdrop"", ""rear_cameras"": ""Dual"", ""sub_category"": ""Phones"", ""camera_layout"": ""Vertical"", ""rear_material"": ""Glass"", ""released_year"": 2022, ""screen_size_in"": 6.5}"
00f7850b-a93e-4e2f-848f-e4727bdf10df,3,6,18,329,498,electronics/premium-electronics/phones/micromax/micromax-in-note-2/00f7850b-a93e-4e2f-848f-e4727bdf10df/UyNrs6qJUKUNH2oOO572ncodhQzE8ft1Qv5Tbhi1.jpg,2/23/2026 7:55,3/17/2026 19:06,,"{""brand"": ""Micromax"", ""model"": ""Micromax IN Note 2"", ""series"": ""IN Note"", ""category"": ""Premium Electronics"", ""weight_g"": 205, ""biometric"": ""Fingerprint"", ""edge_type"": ""Flat"", ""port_type"": ""USB-C"", ""processor"": ""MediaTek Helio G95"", ""dimensions"": ""159.9 × 74.3 × 8.3 mm"", ""notch_type"": ""Punch-hole"", ""rear_cameras"": ""Quad"", ""sub_category"": ""Phones"", ""camera_layout"": ""Square"", ""rear_material"": ""Plastic"", ""released_year"": 2022, ""screen_size_in"": 6.43}"
58b40fbb-4e12-457c-abbf-1019482cabc0,3,6,18,322,492,electronics/premium-electronics/phones/nokia/nokia-g42-5g/58b40fbb-4e12-457c-abbf-1019482cabc0/0gMB9pUEGTtkoDekEwqOWiswbpVGpYkCnusCalih.jpg,2/23/2026 7:55,3/19/2026 16:51,,"{""brand"": ""Nokia"", ""model"": ""Nokia G42 5G"", ""series"": ""G Series"", ""category"": ""Premium Electronics"", ""weight_g"": 193, ""biometric"": ""Fingerprint"", ""edge_type"": ""Flat"", ""port_type"": ""USB-C"", ""processor"": ""Snapdragon 480+"", ""dimensions"": ""165 × 75.8 × 8.6 mm"", ""notch_type"": ""Waterdrop"", ""rear_cameras"": ""Triple"", ""sub_category"": ""Phones"", ""camera_layout"": ""Vertical"", ""rear_material"": ""Plastic"", ""released_year"": 2023, ""screen_size_in"": 6.56}"
67801ba3-e4b4-4b63-a699-7d518e4a0a8c,3,6,18,44,362,electronics/premium-electronics/phones/apple/iphone-15-pro/67801ba3-e4b4-4b63-a699-7d518e4a0a8c/UYCSLS0T8m4gsLzWvHKupnPqN92nPS3mdCozvU0z.jpg,2/23/2026 7:55,3/19/2026 16:54,,"{""brand"": ""Apple"", ""model"": ""iPhone 15 Pro"", ""series"": ""iPhone 15"", ""category"": ""Premium Electronics"", ""weight_g"": 187, ""biometric"": ""Face ID"", ""edge_type"": ""Flat"", ""port_type"": ""USB-C"", ""processor"": ""A17 Pro"", ""dimensions"": ""146.6 × 70.6 × 8.25 mm"", ""notch_type"": ""Dynamic Island"", ""rear_cameras"": ""Triple"", ""sub_category"": ""Phones"", ""camera_layout"": ""Square"", ""rear_material"": ""Matte Glass"", ""released_year"": 2024, ""screen_size_in"": 6.1}"
776af76b-e8cc-4e7a-a8f9-d133714976b4,3,6,18,327,497,electronics/premium-electronics/phones/zte/nubia-redmagic-9-pro/776af76b-e8cc-4e7a-a8f9-d133714976b4/zxwEGcCrJ1O30zIOgn0VgiXWNr1DuurLPaiZwfIe.jpg,2/23/2026 7:55,3/19/2026 16:59,,"{""brand"": ""ZTE"", ""model"": ""Nubia RedMagic 9 Pro"", ""series"": ""RedMagic"", ""category"": ""Premium Electronics"", ""weight_g"": 229, ""biometric"": ""Fingerprint"", ""edge_type"": ""Flat"", ""port_type"": ""USB-C"", ""processor"": ""Snapdragon 8 Gen 3"", ""dimensions"": ""164 × 76.4 × 8.9 mm"", ""notch_type"": ""No Notch"", ""rear_cameras"": ""Triple"", ""sub_category"": ""Phones"", ""camera_layout"": ""Vertical"", ""rear_material"": ""Glass"", ""released_year"": 2023, ""screen_size_in"": 6.8}"
a606e68c-35ba-4478-b8ae-0af4e4742f1b,3,6,18,324,500,electronics/premium-electronics/phones/karbonn/karbonn-titanium-frames-s7/a606e68c-35ba-4478-b8ae-0af4e4742f1b/ltn21VcZhCcn5tr4Lrgz4hXnm6dnH70Hklhp5qxv.jpg,2/23/2026 7:55,3/19/2026 17:09,,"{""brand"": ""Karbonn"", ""model"": ""Karbonn Titanium Frames S7"", ""series"": ""Titanium"", ""category"": ""Premium Electronics"", ""weight_g"": 165, ""biometric"": ""Fingerprint"", ""edge_type"": ""Flat"", ""port_type"": ""Micro-USB"", ""processor"": ""MediaTek MT6737"", ""dimensions"": ""148.5 × 72.6 × 8.3 mm"", ""notch_type"": ""No Notch"", ""rear_cameras"": ""Dual"", ""sub_category"": ""Phones"", ""camera_layout"": ""Vertical"", ""rear_material"": ""Plastic"", ""released_year"": 2018, ""screen_size_in"": 5.5}"
cbae8b9a-2d5d-4397-85f9-673bccd0836b,3,6,18,334,495,electronics/premium-electronics/phones/lenovo/lenovo-legion-phone-duel-2/cbae8b9a-2d5d-4397-85f9-673bccd0836b/sIhGpGJUNRR37bGl9yaJWFgBbVfRaeUjicsa31Z5.jpg,2/23/2026 7:55,3/19/2026 17:16,,"{""brand"": ""Lenovo"", ""model"": ""Lenovo Legion Phone Duel 2"", ""series"": ""Legion"", ""category"": ""Premium Electronics"", ""weight_g"": 259, ""biometric"": ""Fingerprint"", ""edge_type"": ""Flat"", ""port_type"": ""USB-C"", ""processor"": ""Snapdragon 888"", ""dimensions"": ""176 × 78.5 × 9.9 mm"", ""notch_type"": ""Punch-hole"", ""rear_cameras"": ""Dual"", ""sub_category"": ""Phones"", ""camera_layout"": ""Horizontal"", ""rear_material"": ""Glass"", ""released_year"": 2021, ""screen_size_in"": 6.92}"
e6b9d5d4-3157-46c1-8631-2f9599c7eb7f,3,6,18,331,493,electronics/premium-electronics/phones/sony/sony-xperia-1-v/e6b9d5d4-3157-46c1-8631-2f9599c7eb7f/JYFAFirvjOCQIcSqfTg7RY6swwBqOTmvGuKNOqM5.jpg,2/23/2026 7:55,3/19/2026 17:22,,"{""brand"": ""Sony"", ""model"": ""Sony Xperia 1 V"", ""series"": ""Xperia 1"", ""category"": ""Premium Electronics"", ""weight_g"": 187, ""biometric"": ""Fingerprint"", ""edge_type"": ""Flat"", ""port_type"": ""USB-C"", ""processor"": ""Snapdragon 8 Gen 2"", ""dimensions"": ""165 × 71 × 8.3 mm"", ""notch_type"": ""Punch-hole"", ""rear_cameras"": ""Triple"", ""sub_category"": ""Phones"", ""camera_layout"": ""Vertical"", ""rear_material"": ""Glass"", ""released_year"": 2023, ""screen_size_in"": 6.5}"
ef0217af-803a-45c7-a54c-c38a39a6e80e,3,6,18,336,496,electronics/premium-electronics/phones/black-shark/black-shark-5-pro/ef0217af-803a-45c7-a54c-c38a39a6e80e/9jUIRKKLSrEU4YCwcnCBD1gjYSEsWmS0G8GX5CwA.jpg,2/23/2026 7:55,3/19/2026 17:26,,"{""brand"": ""Black Shark"", ""model"": ""Black Shark 5 Pro"", ""series"": ""Black Shark 5"", ""category"": ""Premium Electronics"", ""weight_g"": 220, ""biometric"": ""Fingerprint"", ""edge_type"": ""Flat"", ""port_type"": ""USB-C"", ""processor"": ""Snapdragon 8 Gen 1"", ""dimensions"": ""163.9 × 76.5 × 9.5 mm"", ""notch_type"": ""Punch-hole"", ""rear_cameras"": ""Triple"", ""sub_category"": ""Phones"", ""camera_layout"": ""Vertical"", ""rear_material"": ""Glass"", ""released_year"": 2022, ""screen_size_in"": 6.67}"
ff7171da-8e78-4fdf-b4d8-3319fe94236a,3,6,18,339,501,electronics/premium-electronics/phones/meizu/meizu-20-pro/ff7171da-8e78-4fdf-b4d8-3319fe94236a/9ygTG0ZPuoofR6dD8xlpCKZAsv4Ltyf1yYlAYfFG.jpg,2/23/2026 7:55,3/19/2026 17:32,,"{""brand"": ""Meizu"", ""model"": ""Meizu 20 Pro"", ""series"": ""Meizu 20"", ""category"": ""Premium Electronics"", ""weight_g"": 209, ""biometric"": ""Fingerprint"", ""edge_type"": ""Flat"", ""port_type"": ""USB-C"", ""processor"": ""Snapdragon 8 Gen 2"", ""dimensions"": ""164.2 × 76.5 × 8.2 mm"", ""notch_type"": ""Punch-hole"", ""rear_cameras"": ""Triple"", ""sub_category"": ""Phones"", ""camera_layout"": ""Vertical"", ""rear_material"": ""Glass"", ""released_year"": 2023, ""screen_size_in"": 6.81}"
1bea9630-f684-48ee-ba88-1ab05f90fe03,3,6,18,45,404,electronics/premium-electronics/phones/samsung/galaxy-z-fold4/1bea9630-f684-48ee-ba88-1ab05f90fe03/K0eORxnlfLM1KtVnHHsVGm3KhQSvUioOURFlI5oU.jpg,2/23/2026 7:55,3/19/2026 16:35,,"{""brand"": ""Samsung"", ""model"": ""Galaxy Z Fold4"", ""series"": ""Galaxy Z Fold"", ""category"": ""Premium Electronics"", ""weight_g"": 263, ""biometric"": ""Face Unlock + Fingerprint"", ""edge_type"": ""Flat Foldable"", ""port_type"": ""USB-C"", ""processor"": ""Snapdragon 8+ Gen 1"", ""dimensions"": ""155.1 × 130.1 × 6.3 mm"", ""notch_type"": ""Punch-hole"", ""rear_cameras"": ""Triple"", ""sub_category"": ""Phones"", ""camera_layout"": ""Vertical"", ""rear_material"": ""Glass + Plastic"", ""released_year"": 2022, ""screen_size_in"": 7.6}"
0555c2f8-5c19-4566-932e-70048e14e957,3,6,18,328,441,electronics/premium-electronics/phones/redmi/redmi-note-4/0555c2f8-5c19-4566-932e-70048e14e957/s8W1GKjGIHNhyb3S1Qb8E0avOZv5AINIWMHTZtnI.jpg,2/23/2026 7:55,3/17/2026 19:00,,"{""brand"": ""Redmi"", ""model"": ""Redmi Note 4"", ""series"": ""Redmi Note 4"", ""category"": ""Premium Electronics"", ""weight_g"": 165, ""biometric"": ""Fingerprint"", ""edge_type"": ""Flat"", ""port_type"": ""Micro-USB"", ""processor"": ""Snapdragon 625"", ""dimensions"": ""151 × 76 × 8.5 mm"", ""notch_type"": ""No Notch"", ""rear_cameras"": ""Single"", ""sub_category"": ""Phones"", ""camera_layout"": ""Vertical"", ""rear_material"": ""Metal"", ""released_year"": 2017, ""screen_size_in"": 5.5}"
0718f97f-63cc-42fe-b089-d261a86c4935,3,6,18,323,422,electronics/premium-electronics/phones/xiaomi/xiaomi-13/0718f97f-63cc-42fe-b089-d261a86c4935/kLF7bf91i5ItGB4cp2N4rTb47gBv8rtiW0wxVND9.jpg,2/23/2026 7:55,3/17/2026 19:00,,"{""brand"": ""Xiaomi"", ""model"": ""Xiaomi 13"", ""series"": ""Xiaomi 13"", ""category"": ""Premium Electronics"", ""weight_g"": 185, ""biometric"": ""Face Unlock + Fingerprint"", ""edge_type"": ""Flat"", ""port_type"": ""USB-C"", ""processor"": ""Snapdragon 8 Gen 2"", ""dimensions"": ""152.8 × 71.5 × 8.0 mm"", ""notch_type"": ""Punch-hole"", ""rear_cameras"": ""Triple"", ""sub_category"": ""Phones"", ""camera_layout"": ""Vertical"", ""rear_material"": ""Glass"", ""released_year"": 2023, ""screen_size_in"": 6.36}"
082b7dcf-2461-49ec-a6e9-280697a00382,3,6,18,323,428,electronics/premium-electronics/phones/xiaomi/mi-6/082b7dcf-2461-49ec-a6e9-280697a00382/wlbGJBUQgN8WgjRW5V7EubDcMbAI5xURnYLSxlpS.jpg,2/23/2026 7:55,3/17/2026 19:02,,"{""brand"": ""Xiaomi"", ""model"": ""Mi 6"", ""series"": ""Mi 6"", ""category"": ""Premium Electronics"", ""weight_g"": 168, ""biometric"": ""Fingerprint"", ""edge_type"": ""Curved"", ""port_type"": ""USB-C"", ""processor"": ""Snapdragon 835"", ""dimensions"": ""145.2 × 70.5 × 7.5 mm"", ""notch_type"": ""No Notch"", ""rear_cameras"": ""Dual"", ""sub_category"": ""Phones"", ""camera_layout"": ""Horizontal"", ""rear_material"": ""Glass"", ""released_year"": 2017, ""screen_size_in"": 5.15}"
09a80b00-5edc-4fef-a8a1-64fbf7bf158f,3,6,18,337,484,electronics/premium-electronics/phones/google/pixel-5/09a80b00-5edc-4fef-a8a1-64fbf7bf158f/NAHTUPmX3BVTvkIJjUGt32qF2d2WiviRd23Ba3B5.jpg,2/23/2026 7:55,3/17/2026 19:08,,"{""brand"": ""Google"", ""model"": ""Pixel 5"", ""series"": ""Pixel 5"", ""category"": ""Premium Electronics"", ""weight_g"": 151, ""biometric"": ""Fingerprint"", ""edge_type"": ""Flat"", ""port_type"": ""USB-C"", ""processor"": ""Snapdragon 765G"", ""dimensions"": ""144.7 × 70.4 × 8 mm"", ""notch_type"": ""Punch-hole"", ""rear_cameras"": ""Dual"", ""sub_category"": ""Phones"", ""camera_layout"": ""Horizontal"", ""rear_material"": ""Aluminium"", ""released_year"": 2020, ""screen_size_in"": 6}"
11b8be9b-0b72-4ea6-a9bf-c96d0e3d76be,3,6,18,316,464,electronics/premium-electronics/phones/realme/realme-11-pro/11b8be9b-0b72-4ea6-a9bf-c96d0e3d76be/hMIC2lYGpeD0EbcsTRQo1mKWaKSMAwBuwpm9EoJC.jpg,2/23/2026 7:55,3/17/2026 19:10,,"{""brand"": ""Realme"", ""model"": ""Realme 11 Pro+"", ""series"": ""Realme 11"", ""category"": ""Premium Electronics"", ""weight_g"": 189, ""biometric"": ""Fingerprint"", ""edge_type"": ""Curved"", ""port_type"": ""USB-C"", ""processor"": ""MediaTek Dimensity 7050"", ""dimensions"": ""161.6 × 73.9 × 8.7 mm"", ""notch_type"": ""Punch-hole"", ""rear_cameras"": ""Triple"", ""sub_category"": ""Phones"", ""camera_layout"": ""Circular"", ""rear_material"": ""Glass"", ""released_year"": 2023, ""screen_size_in"": 6.7}"
11eb65a5-3f62-4584-8da5-54c525491a8a,3,6,18,318,469,electronics/premium-electronics/phones/vivo/vivo-v29-pro/11eb65a5-3f62-4584-8da5-54c525491a8a/hwbv3qTJy28fyKYMI8TvGkLgp5eVVxguA55hqPJm.jpg,2/23/2026 7:55,3/17/2026 19:11,,"{""brand"": ""Vivo"", ""model"": ""Vivo V29 Pro"", ""series"": ""Vivo V29"", ""category"": ""Premium Electronics"", ""weight_g"": 188, ""biometric"": ""Fingerprint"", ""edge_type"": ""Curved"", ""port_type"": ""USB-C"", ""processor"": ""MediaTek Dimensity 8200"", ""dimensions"": ""164.2 × 74.4 × 7.5 mm"", ""notch_type"": ""Punch-hole"", ""rear_cameras"": ""Triple"", ""sub_category"": ""Phones"", ""camera_layout"": ""Vertical"", ""rear_material"": ""Glass"", ""released_year"": 2023, ""screen_size_in"": 6.78}"
145c9470-9d67-4c71-91df-140b97be1a23,3,6,18,44,391,electronics/premium-electronics/phones/apple/iphone-6/145c9470-9d67-4c71-91df-140b97be1a23/8t1nNGsNfy2v8wV6T484VPUMUNeKtBA7tQQXQfrk.jpg,2/23/2026 7:55,3/17/2026 19:13,,"{""brand"": ""Apple"", ""model"": ""iPhone 6"", ""series"": ""iPhone 6"", ""category"": ""Premium Electronics"", ""weight_g"": 129, ""biometric"": ""Touch ID"", ""edge_type"": ""Rounded"", ""port_type"": ""Lightning"", ""processor"": ""A8"", ""dimensions"": ""138.1 × 67.0 × 6.9 mm"", ""notch_type"": ""No Notch"", ""rear_cameras"": ""Single"", ""sub_category"": ""Phones"", ""camera_layout"": ""Vertical"", ""rear_material"": ""Aluminium"", ""released_year"": 2014, ""screen_size_in"": 4.7}"
1fce7393-98b3-403b-a040-31941aa3c3aa,3,6,18,44,387,electronics/premium-electronics/phones/apple/iphone-7-plus/1fce7393-98b3-403b-a040-31941aa3c3aa/VMbVJs29opRIvJJ8ptdxsW2bxXCT1uzhtihdlnlF.jpg,2/23/2026 7:55,3/19/2026 16:35,,"{""brand"": ""Apple"", ""model"": ""iPhone 7 Plus"", ""series"": ""iPhone 7"", ""category"": ""Premium Electronics"", ""weight_g"": 188, ""biometric"": ""Touch ID"", ""edge_type"": ""Rounded"", ""port_type"": ""Lightning"", ""processor"": ""A10 Fusion"", ""dimensions"": ""158.2 × 77.9 × 7.3 mm"", ""notch_type"": ""No Notch"", ""rear_cameras"": ""Dual"", ""sub_category"": ""Phones"", ""camera_layout"": ""Horizontal"", ""rear_material"": ""Aluminium"", ""released_year"": 2016, ""screen_size_in"": 5.5}"
20e0c5ad-d5a3-4a88-bf5a-6fd7ade88b54,3,6,18,328,431,electronics/premium-electronics/phones/redmi/redmi-note-13-pro-5g/20e0c5ad-d5a3-4a88-bf5a-6fd7ade88b54/d4eoFdyuPW4hglpYxbARG4nhEPPKHTfTIIaT11LF.jpg,2/23/2026 7:55,3/19/2026 16:35,,"{""brand"": ""Redmi"", ""model"": ""Redmi Note 13 Pro+ 5G"", ""series"": ""Redmi Note 13"", ""category"": ""Premium Electronics"", ""weight_g"": 204, ""biometric"": ""Fingerprint"", ""edge_type"": ""Flat"", ""port_type"": ""USB-C"", ""processor"": ""MediaTek Dimensity 7200-Ultra"", ""dimensions"": ""161.4 × 74.2 × 8.9 mm"", ""notch_type"": ""Punch-hole"", ""rear_cameras"": ""Triple"", ""sub_category"": ""Phones"", ""camera_layout"": ""Vertical"", ""rear_material"": ""Glass"", ""released_year"": 2024, ""screen_size_in"": 6.67}"
227a06d6-c546-437a-b97c-2f1044a19cec,3,6,18,337,482,electronics/premium-electronics/phones/google/pixel-7/227a06d6-c546-437a-b97c-2f1044a19cec/8SqcKrjhTIKS4TpthZpRYYK2wq7iIhMuEc0lZ8RS.jpg,2/23/2026 7:55,3/19/2026 16:37,,"{""brand"": ""Google"", ""model"": ""Pixel 7"", ""series"": ""Pixel 7"", ""category"": ""Premium Electronics"", ""weight_g"": 197, ""biometric"": ""Face Unlock + Fingerprint"", ""edge_type"": ""Flat"", ""port_type"": ""USB-C"", ""processor"": ""Google Tensor G2"", ""dimensions"": ""155.6 × 73.2 × 8.7 mm"", ""notch_type"": ""Punch-hole"", ""rear_cameras"": ""Dual"", ""sub_category"": ""Phones"", ""camera_layout"": ""Horizontal"", ""rear_material"": ""Glass"", ""released_year"": 2022, ""screen_size_in"": 6.3}"
2bed616d-646b-4cc2-be88-d1450034dd49,3,6,18,317,444,electronics/premium-electronics/phones/poco/poco-f6-pro/2bed616d-646b-4cc2-be88-d1450034dd49/djLsVSDoqkThW89kWbdEoiItodcCrRuDEFej400Y.jpg,2/23/2026 7:55,3/19/2026 16:38,,"{""brand"": ""POCO"", ""model"": ""POCO F6 Pro"", ""series"": ""POCO F6"", ""category"": ""Premium Electronics"", ""weight_g"": 209, ""biometric"": ""Fingerprint"", ""edge_type"": ""Flat"", ""port_type"": ""USB-C"", ""processor"": ""Snapdragon 8 Gen 2"", ""dimensions"": ""160.9 × 75 × 8.2 mm"", ""notch_type"": ""Punch-hole"", ""rear_cameras"": ""Quad"", ""sub_category"": ""Phones"", ""camera_layout"": ""Square"", ""rear_material"": ""Glass"", ""released_year"": 2024, ""screen_size_in"": 6.67}"
2cfa7061-d59f-493a-8ae8-2a87adcc0c98,3,6,18,325,476,electronics/premium-electronics/phones/oppo/oppo-f19-pro/2cfa7061-d59f-493a-8ae8-2a87adcc0c98/jvokciW7cEL0g4CP6I8PLWbzT9MciJ8ULzA3mf0G.jpg,2/23/2026 7:55,3/19/2026 16:39,,"{""brand"": ""Oppo"", ""model"": ""Oppo F19 Pro"", ""series"": ""F19"", ""category"": ""Premium Electronics"", ""weight_g"": 172, ""biometric"": ""Fingerprint"", ""edge_type"": ""Flat"", ""port_type"": ""USB-C"", ""processor"": ""MediaTek Helio P95"", ""dimensions"": ""160.1 × 73.2 × 7.8 mm"", ""notch_type"": ""Punch-hole"", ""rear_cameras"": ""Quad"", ""sub_category"": ""Phones"", ""camera_layout"": ""Square"", ""rear_material"": ""Plastic"", ""released_year"": 2021, ""screen_size_in"": 6.43}"
37dc0822-b96d-486d-a376-d575d941d131,3,6,18,44,386,electronics/premium-electronics/phones/apple/iphone-7/37dc0822-b96d-486d-a376-d575d941d131/lrBgtGaQnB9z7jkNufJnVUVTQtEjmZ93SJWGROBI.jpg,2/23/2026 7:55,3/19/2026 16:41,,"{""brand"": ""Apple"", ""model"": ""iPhone 7"", ""series"": ""iPhone 7"", ""category"": ""Premium Electronics"", ""weight_g"": 138, ""biometric"": ""Touch ID"", ""edge_type"": ""Rounded"", ""port_type"": ""Lightning"", ""processor"": ""A10 Fusion"", ""dimensions"": ""138.3 × 67.1 × 7.1 mm"", ""notch_type"": ""No Notch"", ""rear_cameras"": ""Single"", ""sub_category"": ""Phones"", ""camera_layout"": ""Vertical"", ""rear_material"": ""Aluminium"", ""released_year"": 2016, ""screen_size_in"": 4.7}"
59acbebf-1477-4c6d-a490-947c4a9a0678,3,6,18,44,361,electronics/premium-electronics/phones/apple/iphone-15-plus/59acbebf-1477-4c6d-a490-947c4a9a0678/174p09QI3Q9qVKXfF3spyPIlKxM2yIcoXs7MbxNS.jpg,2/23/2026 7:55,3/19/2026 16:52,,"{""brand"": ""Apple"", ""model"": ""iPhone 15 Plus"", ""series"": ""iPhone 15"", ""category"": ""Premium Electronics"", ""weight_g"": 201, ""biometric"": ""Face ID"", ""edge_type"": ""Flat"", ""port_type"": ""USB-C"", ""processor"": ""A16 Bionic"", ""dimensions"": ""160.9 × 77.8 × 7.8 mm"", ""notch_type"": ""Dynamic Island"", ""rear_cameras"": ""Dual"", ""sub_category"": ""Phones"", ""camera_layout"": ""Diagonal"", ""rear_material"": ""Glass"", ""released_year"": 2024, ""screen_size_in"": 6.7}"
5af83050-8100-4180-acd7-aca6c13919f7,3,6,18,45,399,electronics/premium-electronics/phones/samsung/galaxy-s23-ultra/5af83050-8100-4180-acd7-aca6c13919f7/kRyqONIwd6mRT3ea0BVs8PYlV72kSz7XkCN7Xas3.jpg,2/23/2026 7:55,3/19/2026 16:53,,"{""brand"": ""Samsung"", ""model"": ""Galaxy S23 Ultra"", ""series"": ""Galaxy S"", ""category"": ""Premium Electronics"", ""weight_g"": 234, ""biometric"": ""Face Unlock + Fingerprint"", ""edge_type"": ""Flat"", ""port_type"": ""USB-C"", ""processor"": ""Snapdragon 8 Gen 2"", ""dimensions"": ""163.4 × 78.1 × 8.9 mm"", ""notch_type"": ""Punch-hole"", ""rear_cameras"": ""Quad"", ""sub_category"": ""Phones"", ""camera_layout"": ""Square"", ""rear_material"": ""Matte Glass"", ""released_year"": 2023, ""screen_size_in"": 6.8}"
697a596a-66a6-436c-b8a0-a05e3852624a,3,6,18,44,380,electronics/premium-electronics/phones/apple/iphone-xr/697a596a-66a6-436c-b8a0-a05e3852624a/LQ1w77vSxet3vMppOsDYQqBIWchyHTP0fQhn2kU5.jpg,2/23/2026 7:55,3/19/2026 16:55,,"{""brand"": ""Apple"", ""model"": ""iPhone XR"", ""series"": ""iPhone X"", ""category"": ""Premium Electronics"", ""weight_g"": 194, ""biometric"": ""Face ID"", ""edge_type"": ""Rounded"", ""port_type"": ""Lightning"", ""processor"": ""A12 Bionic"", ""dimensions"": ""150.9 × 75.7 × 8.3 mm"", ""notch_type"": ""Notch"", ""rear_cameras"": ""Single"", ""sub_category"": ""Phones"", ""camera_layout"": ""Vertical"", ""rear_material"": ""Glass"", ""released_year"": 2018, ""screen_size_in"": 6.1}"
6b038c45-74fc-4f3e-8034-3a364bb7f1fe,3,6,18,332,456,electronics/premium-electronics/phones/oneplus/oneplus-10-pro/6b038c45-74fc-4f3e-8034-3a364bb7f1fe/B1JHSRygWckVg3bXeDWPd5tpGNWEEoV3Q5mPHOHQ.jpg,2/23/2026 7:55,3/19/2026 16:56,,"{""brand"": ""OnePlus"", ""model"": ""OnePlus 10 Pro"", ""series"": ""OnePlus"", ""category"": ""Premium Electronics"", ""weight_g"": 200, ""biometric"": ""Fingerprint + Face Unlock"", ""edge_type"": ""Curved"", ""port_type"": ""USB-C"", ""processor"": ""Snapdragon 8 Gen 1"", ""dimensions"": ""163 × 73.9 × 8.6 mm"", ""notch_type"": ""Punch-hole"", ""rear_cameras"": ""Triple"", ""sub_category"": ""Phones"", ""camera_layout"": ""Square"", ""rear_material"": ""Glass"", ""released_year"": 2022, ""screen_size_in"": 6.7}"
722b431d-d7f9-45da-b946-3464007fb454,3,6,18,44,367,electronics/premium-electronics/phones/apple/iphone-14-pro-max/722b431d-d7f9-45da-b946-3464007fb454/wqEXqln2ZTLjHdKCsz4CJCatqDBCDIcCHrNn04Da.jpg,2/23/2026 7:55,3/19/2026 16:58,,"{""brand"": ""Apple"", ""model"": ""iPhone 14 Pro Max"", ""series"": ""iPhone 14"", ""category"": ""Premium Electronics"", ""weight_g"": 240, ""biometric"": ""Face ID"", ""edge_type"": ""Flat"", ""port_type"": ""Lightning"", ""processor"": ""A16 Bionic"", ""dimensions"": ""160.7 × 77.6 × 7.85 mm"", ""notch_type"": ""Dynamic Island"", ""rear_cameras"": ""Triple"", ""sub_category"": ""Phones"", ""camera_layout"": ""Square"", ""rear_material"": ""Matte Glass"", ""released_year"": 2023, ""screen_size_in"": 6.7}"
7f80ee51-e0b0-4494-a67c-9a17abaf8439,3,6,18,332,454,electronics/premium-electronics/phones/oneplus/oneplus-12/7f80ee51-e0b0-4494-a67c-9a17abaf8439/LAWaRkiL8OMF6HL4mkwNiTXio5VfmNLYxk89BK79.jpg,2/23/2026 7:55,3/19/2026 17:01,,"{""brand"": ""OnePlus"", ""model"": ""OnePlus 12"", ""series"": ""OnePlus"", ""category"": ""Premium Electronics"", ""weight_g"": 220, ""biometric"": ""Fingerprint + Face Unlock"", ""edge_type"": ""Curved"", ""port_type"": ""USB-C"", ""processor"": ""Snapdragon 8 Gen 3"", ""dimensions"": ""164.3 × 75.8 × 9.2 mm"", ""notch_type"": ""Punch-hole"", ""rear_cameras"": ""Triple"", ""sub_category"": ""Phones"", ""camera_layout"": ""Vertical"", ""rear_material"": ""Glass"", ""released_year"": 2024, ""screen_size_in"": 6.82}"
891cc0ef-f989-4c04-aaf2-ce4d63e234e7,3,6,18,328,439,electronics/premium-electronics/phones/redmi/redmi-note-7-pro/891cc0ef-f989-4c04-aaf2-ce4d63e234e7/ocbtkmF4uh3Gsi0h0xOoB8g0BJrxMRJM5rkNtVpF.jpg,2/23/2026 7:55,3/19/2026 17:01,,"{""brand"": ""Redmi"", ""model"": ""Redmi Note 7 Pro"", ""series"": ""Redmi Note 7"", ""category"": ""Premium Electronics"", ""weight_g"": 186, ""biometric"": ""Fingerprint"", ""edge_type"": ""Flat"", ""port_type"": ""USB-C"", ""processor"": ""Snapdragon 675"", ""dimensions"": ""159.2 × 75.2 × 8.1 mm"", ""notch_type"": ""Waterdrop"", ""rear_cameras"": ""Dual"", ""sub_category"": ""Phones"", ""camera_layout"": ""Vertical"", ""rear_material"": ""Glass"", ""released_year"": 2019, ""screen_size_in"": 6.3}"
8f7b878d-c2b5-405f-859a-787c59d269d6,3,6,18,45,414,electronics/premium-electronics/phones/samsung/galaxy-s9/8f7b878d-c2b5-405f-859a-787c59d269d6/gKsRr02HTvvOCuQnVr5HlailW8WzFw1eyZN8pMf6.jpg,2/23/2026 7:55,3/19/2026 17:02,,"{""brand"": ""Samsung"", ""model"": ""Galaxy S9+"", ""series"": ""Galaxy S"", ""category"": ""Premium Electronics"", ""weight_g"": 189, ""biometric"": ""Fingerprint + Iris"", ""edge_type"": ""Curved"", ""port_type"": ""USB-C"", ""processor"": ""Exynos 9810"", ""dimensions"": ""158.1 × 73.8 × 8.5 mm"", ""notch_type"": ""No Notch"", ""rear_cameras"": ""Dual"", ""sub_category"": ""Phones"", ""camera_layout"": ""Vertical"", ""rear_material"": ""Glass"", ""released_year"": 2018, ""screen_size_in"": 6.2}"
91a92ebb-8c07-4087-9594-953af5cb2460,3,6,18,44,368,electronics/premium-electronics/phones/apple/iphone-13/91a92ebb-8c07-4087-9594-953af5cb2460/dhtSceKp26BE73kPdRq7cAIg5u220DMo9gBzWfdR.jpg,2/23/2026 7:55,3/19/2026 17:02,,"{""brand"": ""Apple"", ""model"": ""iPhone 13"", ""series"": ""iPhone 13"", ""category"": ""Premium Electronics"", ""weight_g"": 174, ""biometric"": ""Face ID"", ""edge_type"": ""Flat"", ""port_type"": ""Lightning"", ""processor"": ""A15 Bionic"", ""dimensions"": ""146.7 × 71.5 × 7.65 mm"", ""notch_type"": ""Notch"", ""rear_cameras"": ""Dual"", ""sub_category"": ""Phones"", ""camera_layout"": ""Diagonal"", ""rear_material"": ""Glass"", ""released_year"": 2022, ""screen_size_in"": 6.1}"
95008b1b-fb78-46d8-bf83-93f0182d632d,3,6,18,45,412,electronics/premium-electronics/phones/samsung/galaxy-s10/95008b1b-fb78-46d8-bf83-93f0182d632d/riu19Qjpdw89oYyRgPCD5FMkhxjJSAxXfZybO1dQ.jpg,2/23/2026 7:55,3/19/2026 17:03,,"{""brand"": ""Samsung"", ""model"": ""Galaxy S10"", ""series"": ""Galaxy S"", ""category"": ""Premium Electronics"", ""weight_g"": 157, ""biometric"": ""Face Unlock + Fingerprint"", ""edge_type"": ""Curved"", ""port_type"": ""USB-C"", ""processor"": ""Exynos 9820"", ""dimensions"": ""149.9 × 70.4 × 7.8 mm"", ""notch_type"": ""Punch-hole"", ""rear_cameras"": ""Triple"", ""sub_category"": ""Phones"", ""camera_layout"": ""Horizontal"", ""rear_material"": ""Glass"", ""released_year"": 2019, ""screen_size_in"": 6.1}"
981817cc-5d65-41aa-bbe0-2eb058f85744,3,6,18,44,392,electronics/premium-electronics/phones/apple/iphone-6-plus/981817cc-5d65-41aa-bbe0-2eb058f85744/rvXM8EWcSb7utOsDs2UK6qeJHanBpAszROkTSZ3z.jpg,2/23/2026 7:55,3/19/2026 17:05,,"{""brand"": ""Apple"", ""model"": ""iPhone 6 Plus"", ""series"": ""iPhone 6"", ""category"": ""Premium Electronics"", ""weight_g"": 172, ""biometric"": ""Touch ID"", ""edge_type"": ""Rounded"", ""port_type"": ""Lightning"", ""processor"": ""A8"", ""dimensions"": ""158.1 × 77.8 × 7.1 mm"", ""notch_type"": ""No Notch"", ""rear_cameras"": ""Dual"", ""sub_category"": ""Phones"", ""camera_layout"": ""Horizontal"", ""rear_material"": ""Aluminium"", ""released_year"": 2014, ""screen_size_in"": 5.5}"
aaa64211-ed1a-43ff-8ad3-1f9637ae4418,3,6,18,320,485,electronics/premium-electronics/phones/huawei/huawei-p60-pro/aaa64211-ed1a-43ff-8ad3-1f9637ae4418/lefBmQbBEVZ5r8ClQy8dWHlU6OcdTkJyc5KuOz1J.jpg,2/23/2026 7:55,3/19/2026 17:11,,"{""brand"": ""Huawei"", ""model"": ""Huawei P60 Pro"", ""series"": ""P60"", ""category"": ""Premium Electronics"", ""weight_g"": 200, ""biometric"": ""Face Unlock + Fingerprint"", ""edge_type"": ""Curved"", ""port_type"": ""USB-C"", ""processor"": ""Snapdragon 8+ Gen 1 (4G)"", ""dimensions"": ""161 × 74.5 × 8.3 mm"", ""notch_type"": ""Punch-hole"", ""rear_cameras"": ""Triple"", ""sub_category"": ""Phones"", ""camera_layout"": ""Circular"", ""rear_material"": ""Glass"", ""released_year"": 2023, ""screen_size_in"": 6.67}"
b7ae1d33-f7bd-4a04-b138-ba3b83e047c8,3,6,18,317,445,electronics/premium-electronics/phones/poco/poco-x6-pro-5g/b7ae1d33-f7bd-4a04-b138-ba3b83e047c8/x4oLBE3zwzl33Aw2JIXFs8aqJEku3IIoxYhet5bm.jpg,2/23/2026 7:55,3/19/2026 17:13,,"{""brand"": ""POCO"", ""model"": ""POCO X6 Pro 5G"", ""series"": ""POCO X6"", ""category"": ""Premium Electronics"", ""weight_g"": 190, ""biometric"": ""Fingerprint"", ""edge_type"": ""Flat"", ""port_type"": ""USB-C"", ""processor"": ""MediaTek Dimensity 8300-Ultra"", ""dimensions"": ""160.5 × 74.3 × 8.3 mm"", ""notch_type"": ""Punch-hole"", ""rear_cameras"": ""Triple"", ""sub_category"": ""Phones"", ""camera_layout"": ""Vertical"", ""rear_material"": ""Plastic"", ""released_year"": 2024, ""screen_size_in"": 6.67}"
bf8ed6e5-2f47-4971-ab11-660fcaa4e369,3,6,18,330,494,electronics/premium-electronics/phones/asus/asus-rog-phone-8-pro/bf8ed6e5-2f47-4971-ab11-660fcaa4e369/XJUwHsSVcuOI6P4Ewj123nFAIMAJ8TBo1pkbRHZd.jpg,2/23/2026 7:55,3/19/2026 17:14,,"{""brand"": ""Asus"", ""model"": ""Asus ROG Phone 8 Pro"", ""series"": ""ROG Phone"", ""category"": ""Premium Electronics"", ""weight_g"": 225, ""biometric"": ""Fingerprint"", ""edge_type"": ""Flat"", ""port_type"": ""USB-C"", ""processor"": ""Snapdragon 8 Gen 3"", ""dimensions"": ""163.8 × 76.8 × 8.9 mm"", ""notch_type"": ""Punch-hole"", ""rear_cameras"": ""Triple"", ""sub_category"": ""Phones"", ""camera_layout"": ""Horizontal"", ""rear_material"": ""Glass"", ""released_year"": 2024, ""screen_size_in"": 6.78}"
c1ac4563-cda6-4672-8a1d-cf0748b47681,3,6,18,337,483,electronics/premium-electronics/phones/google/pixel-6/c1ac4563-cda6-4672-8a1d-cf0748b47681/VQ3m2N6onQwmq28uuVMN8UgaEKqGEbMBnK9OajjD.jpg,2/23/2026 7:55,3/19/2026 17:15,,"{""brand"": ""Google"", ""model"": ""Pixel 6"", ""series"": ""Pixel 6"", ""category"": ""Premium Electronics"", ""weight_g"": 207, ""biometric"": ""Fingerprint"", ""edge_type"": ""Flat"", ""port_type"": ""USB-C"", ""processor"": ""Google Tensor"", ""dimensions"": ""158.6 × 74.8 × 8.9 mm"", ""notch_type"": ""Punch-hole"", ""rear_cameras"": ""Dual"", ""sub_category"": ""Phones"", ""camera_layout"": ""Horizontal"", ""rear_material"": ""Glass"", ""released_year"": 2021, ""screen_size_in"": 6.4}"
c313a83e-7c4f-4250-b6b6-f5efcccf312d,3,6,18,318,471,electronics/premium-electronics/phones/vivo/vivo-v21/c313a83e-7c4f-4250-b6b6-f5efcccf312d/27g8u0ZH0NuwVzxWvWlc6VYGEa4U2iG39FBaOvnt.jpg,2/23/2026 7:55,3/19/2026 17:15,,"{""brand"": ""Vivo"", ""model"": ""Vivo V21"", ""series"": ""Vivo V21"", ""category"": ""Premium Electronics"", ""weight_g"": 176, ""biometric"": ""Fingerprint"", ""edge_type"": ""Flat"", ""port_type"": ""USB-C"", ""processor"": ""MediaTek Dimensity 800U"", ""dimensions"": ""159.7 × 73.9 × 7.3 mm"", ""notch_type"": ""Waterdrop"", ""rear_cameras"": ""Triple"", ""sub_category"": ""Phones"", ""camera_layout"": ""Vertical"", ""rear_material"": ""Glass"", ""released_year"": 2021, ""screen_size_in"": 6.44}"
ccc0b572-8930-4a8f-b634-05b71675d9d1,3,6,18,323,419,electronics/premium-electronics/phones/xiaomi/xiaomi-14-ultra/ccc0b572-8930-4a8f-b634-05b71675d9d1/6S7QvtUT4onGpiBD1vbFUAEdba0ts2S65GUs6I51.jpg,2/23/2026 7:55,3/19/2026 17:17,,"{""brand"": ""Xiaomi"", ""model"": ""Xiaomi 14 Ultra"", ""series"": ""Xiaomi 14"", ""category"": ""Premium Electronics"", ""weight_g"": 224, ""biometric"": ""Face Unlock + Fingerprint"", ""edge_type"": ""Flat"", ""port_type"": ""USB-C"", ""processor"": ""Snapdragon 8 Gen 3"", ""dimensions"": ""161.4 × 75.3 × 9.2 mm"", ""notch_type"": ""Punch-hole"", ""rear_cameras"": ""Quad"", ""sub_category"": ""Phones"", ""camera_layout"": ""Square"", ""rear_material"": ""Glass"", ""released_year"": 2024, ""screen_size_in"": 6.73}"
d0db629d-a3a1-4951-94c2-0cb7c0569eaf,3,6,18,44,374,electronics/premium-electronics/phones/apple/iphone-12-pro/d0db629d-a3a1-4951-94c2-0cb7c0569eaf/e6MgJnrrTXi9Qss3kOqUcbmGlXkgM6GvRmdu6sBb.jpg,2/23/2026 7:55,3/19/2026 17:18,,"{""brand"": ""Apple"", ""model"": ""iPhone 12 Pro"", ""series"": ""iPhone 12"", ""category"": ""Premium Electronics"", ""weight_g"": 189, ""biometric"": ""Face ID"", ""edge_type"": ""Flat"", ""port_type"": ""Lightning"", ""processor"": ""A14 Bionic"", ""dimensions"": ""146.7 × 71.5 × 7.4 mm"", ""notch_type"": ""Notch"", ""rear_cameras"": ""Triple"", ""sub_category"": ""Phones"", ""camera_layout"": ""Square"", ""rear_material"": ""Matte Glass"", ""released_year"": 2020, ""screen_size_in"": 6.1}"
d59243b7-7807-4132-bd11-ae9f1c14c452,3,6,18,45,407,electronics/premium-electronics/phones/samsung/galaxy-s21-ultra/d59243b7-7807-4132-bd11-ae9f1c14c452/FZQ7tC64FQaDgiBWgLrJn2kplPLUDW9EaJjo2iOn.jpg,2/23/2026 7:55,3/19/2026 17:19,,"{""brand"": ""Samsung"", ""model"": ""Galaxy S21 Ultra"", ""series"": ""Galaxy S"", ""category"": ""Premium Electronics"", ""weight_g"": 228, ""biometric"": ""Face Unlock + Fingerprint"", ""edge_type"": ""Flat"", ""port_type"": ""USB-C"", ""processor"": ""Exynos 2100"", ""dimensions"": ""165.1 × 75.6 × 8.9 mm"", ""notch_type"": ""Punch-hole"", ""rear_cameras"": ""Quad"", ""sub_category"": ""Phones"", ""camera_layout"": ""Square"", ""rear_material"": ""Matte Glass"", ""released_year"": 2021, ""screen_size_in"": 6.8}"
f4115eb7-6490-4c73-b35d-8bad9d90be19,3,6,18,45,402,electronics/premium-electronics/phones/samsung/galaxy-s22/f4115eb7-6490-4c73-b35d-8bad9d90be19/EErfZLROllEXLhz5NafyV7DwqgoeCY2tRuaEgdfl.jpg,2/23/2026 7:55,3/19/2026 17:30,,"{""brand"": ""Samsung"", ""model"": ""Galaxy S22"", ""series"": ""Galaxy S"", ""category"": ""Premium Electronics"", ""weight_g"": 167, ""biometric"": ""Face Unlock + Fingerprint"", ""edge_type"": ""Flat"", ""port_type"": ""USB-C"", ""processor"": ""Snapdragon 8 Gen 1"", ""dimensions"": ""146 × 70.6 × 7.6 mm"", ""notch_type"": ""Punch-hole"", ""rear_cameras"": ""Triple"", ""sub_category"": ""Phones"", ""camera_layout"": ""Vertical"", ""rear_material"": ""Glass"", ""released_year"": 2022, ""screen_size_in"": 6.1}"
f7143cf9-a61c-4aca-9811-68e7dcd49a11,3,6,18,325,473,electronics/premium-electronics/phones/oppo/oppo-find-x7-ultra/f7143cf9-a61c-4aca-9811-68e7dcd49a11/nELpprGANkq9whdrhSViEq02NAghVF5UrQPx0gcl.jpg,2/23/2026 7:55,3/19/2026 17:31,,"{""brand"": ""Oppo"", ""model"": ""Oppo Find X7 Ultra"", ""series"": ""Find X7"", ""category"": ""Premium Electronics"", ""weight_g"": 221, ""biometric"": ""Fingerprint"", ""edge_type"": ""Curved"", ""port_type"": ""USB-C"", ""processor"": ""Snapdragon 8 Gen 3"", ""dimensions"": ""164.3 × 76.2 × 9.5 mm"", ""notch_type"": ""Punch-hole"", ""rear_cameras"": ""Quad"", ""sub_category"": ""Phones"", ""camera_layout"": ""Circular"", ""rear_material"": ""Glass"", ""released_year"": 2024, ""screen_size_in"": 6.82}"
